iteration,particle,fitness,cost,safety,co2,comfort,constructability,Lx,Ly,H1,H2,tf,tr,bc,hc,tw_ext,wall_tilt_angle,window_ratio_2f,roof_morph,roof_shift,balcony_depth,material_columns,material_floor1,material_floor2,material_roof,material_walls,material_balcony
0,1,841174.5222489446,841174.5222489446,3.6572504990501793,1355.9816628441852,5.129664879139939,5.7079743803318195,8.209454395403778,8.348746710090529,2.9665175873033585,2.6646201409630637,575,360,722,599,470,-20.420256196681805,0.3697733256874204,0.3337963946289553,-0.2548366474823889,1.004176383948057,0,0,1,0,0,0
0,2,1041307.7687494975,965327.5544682584,1.2401978571876093,2000.0,6.436564037662619,4.8387894954902455,10.739348874644024,10.553413057221995,3.199991867965863,3.1340591423221413,472,517,625,419,451,-19.112105045097547,0.7561521475470648,0.9136459118642296,0.15807415740107933,1.4253172191772705,0,0,0,0,1,0
0,3,536379.0774914309,536379.0774914309,2.0609695238317176,1036.9366075152104,5.919138891899921,6.380368681567274,8.538910402546534,8.772707880169415,2.8307261125668886,2.811228518269806,418,459,652,465,313,-8.696313184327252,0.1710311238938898,0.4332003138771612,-0.4914387852271307,2.339502546516411,0,1,0,1,0,0
0,4,815311.1167636825,679569.8774353117,0.6425876067162922,971.2004718767215,6.391708739183687,5.239317177804752,9.557037066474205,8.505879835335033,3.4774366095956557,2.9102620919923465,507,551,632,437,327,10.106828221952476,0.37963174849584025,0.8710772077623383,0.24016450882059592,3.4510978667256653,1,0,1,0,1,1
0,5,1067535.419402777,1067535.419402777,2.0823400079959438,1550.4636984074548,6.119648797855525,5.866638031675393,8.340400117638763,9.26811281096163,2.9070298209717964,2.9226091986900613,582,552,721,872,397,13.833619683246063,0.7215635539783513,0.256851738048816,0.3327770443873531,2.444860433547789,0,0,0,1,0,1
0,6,631783.4984947552,485706.7604381255,0.5392326194337027,511.7195276446075,6.356104796069072,7.183404075573902,10.001899190708375,11.317430940998422,2.757390810330945,2.9354182811516716,442,580,473,559,464,-10.665959244260982,0.8553768419062203,0.05160391767299877,-0.11158184484754419,1.2686647598733771,1,1,0,1,0,0
0,7,756640.1644356999,711524.9636431765,1.5488479920747655,907.3273139986305,6.146449231456472,5.125813865881583,11.598330107605719,11.550093638938396,3.2968677010452434,2.77322614508457,495,595,592,632,438,-26.241861341184165,0.30268955996687674,0.168020375038908,-0.08394328983406962,2.0624411896505643,1,0,0,0,1,1
0,8,829066.8027402172,717909.5223421379,0.8884271960192074,1015.6228147171207,5.223836071218027,4.3157368039588535,9.425864969308607,9.972875241475121,2.775013923173021,2.7269780321878674,410,359,946,444,485,-29.342631960411467,0.6249707598800617,0.5469276311244807,-0.45815829988813306,3.35366693225748,1,1,0,0,0,0
0,9,1146319.2821376175,1064650.903482201,1.1833162134458353,1375.8793391369577,6.0078368926937555,5.73194153182849,11.448603461768736,10.207200843531181,2.6156803108791125,2.9125233561679993,422,403,962,463,466,15.180584681715104,0.5742585400607296,0.32486423653465846,-0.41722952738024044,2.671862885466797,1,0,0,0,1,0
0,10,795556.2519919749,715339.896638504,1.1978364464652915,775.0943677107704,6.081837058303538,4.000686491608723,8.038165876021555,9.309527744923663,2.9606404186114625,3.072135395834905,554,364,439,955,358,-22.493135083912776,0.7340989708948403,0.7849880150324958,0.10469359080985174,2.918551673010249,1,1,0,0,1,0
0,11,669993.5115518663,599798.0890636314,1.2980457751176506,1080.0238940344273,6.654562590793641,6.163764927666611,8.82137014634304,9.43306867561851,3.3002185347138298,2.769979746580797,573,596,498,416,446,15.862350723333897,0.8207377947889655,0.6724659589033983,0.28009977335241,1.9138002467155926,0,1,1,0,1,0
0,12,920046.0965817011,827592.6236751073,1.0754652709340615,1464.640875009236,6.9507464376704196,4.507935072778867,11.069399757413375,11.349253248818439,3.335855171348976,3.1308782975147658,440,519,892,479,300,-17.42064927221132,0.8326110780493788,0.8076725484222771,-0.37035765645696395,3.117935159874251,0,0,0,1,1,0
0,13,786356.3782879589,712820.6100695226,1.2646423178156367,1250.537587443433,6.909125559010517,6.854162262878166,8.615829383437456,10.664292783956023,3.0948917046199664,3.138508336972993,366,495,514,742,463,-3.958377371218333,0.5278389748270771,0.3651275714829998,0.44483476006190203,3.156025193933158,0,0,1,0,0,1
0,14,704468.0293792267,639759.8630476388,1.3529183366841204,451.710156789504,5.735809833637285,4.699767961991997,9.459163382950623,9.683206400447823,2.836874382609911,2.846584651669508,396,482,796,730,498,25.502320380080036,0.8122248088142067,0.6039072402510415,-0.3559740966577494,2.8972290418449007,1,1,0,1,1,1
0,15,842428.2797636719,841857.3617033211,1.9942908193964923,1191.8800967949778,6.722668864372471,6.487183073354972,8.291349537120128,10.295271348467306,3.4777710595892093,2.903888164518612,528,541,693,715,346,7.628169266450286,0.5201730757804534,0.3352479809172707,0.43777706924618287,2.5790735342385984,0,1,1,1,0,0
1,1,878888.8125315259,878888.8125315259,2.2995720612511437,1791.073055031409,5.544473694481484,6.121436527027019,8.640467052367883,8.690979502111954,2.8487306781991166,2.7484033203011142,525,410,621,479,430,-16.28563472972981,0.3530030802635741,0.47424106466314764,-0.4548366474823889,1.072660510100264,0,0,0,0,0,0
1,2,753220.934182971,715969.2081361538,1.6274827395318279,1368.3793303905027,6.308024289592685,5.164116948252953,9.939348874644024,9.753413057221994,3.019991867965863,3.0140591423221412,434,467,667,475,411,-15.85883051747047,0.7601274475313419,0.7136459118642295,-0.04192584259892068,1.4124954706554995,0,1,0,0,0,0
1,3,539494.5016508424,539494.5016508424,2.2404321457919423,1041.3305766254161,5.896968776916262,6.326654721671304,8.609138586093529,8.726460431515985,2.8211732348687866,2.8170718916333866,426,465,649,474,315,-9.23345278328697,0.15618907639380386,0.40368666734704695,-0.46491515964522134,2.262005408863038,0,1,0,1,0,0
1,4,728979.7243750722,636394.4496790228,1.0741472530395064,1292.6516362861469,6.514205333059456,6.84600165991713,8.757037066474204,8.691498975105372,3.2974366095956555,2.8638055958682163,457,501,656,456,310,4.039983400828695,0.36126578964574957,0.6710772077623384,0.04016450882059591,3.3365162439466474,0,1,1,0,0,1
1,5,740771.162743894,740771.162743894,2.2203946457644625,1178.4805923351478,6.384258528459944,6.373283181623963,8.643222168519923,8.816315007167255,2.860387454015668,2.867981359994775,532,502,601,752,357,8.767168183760365,0.6949541119027802,0.456851738048816,0.1327770443873531,2.413491507906865,0,1,0,1,0,0
1,6,630488.6537041321,564534.2013936087,1.340455476894766,920.0230594755966,6.3097276287535955,6.801186121991844,9.201899190708374,10.517430940998421,2.8208275831204244,2.874808679387901,433,530,593,450,424,-9.488138780081565,0.8409062625673882,0.2516039176729988,-0.3115818448475442,1.3954745778993793,0,1,0,1,0,0
1,7,722963.4456898099,679281.4650947263,1.5631801940491648,1237.6540229796117,6.073313460095147,4.982937252194094,10.798330107605718,10.750093638938395,3.1168677010452432,2.807143906922697,445,545,664,512,398,-22.670627478059064,0.280323893654945,0.368020375038908,-0.28394328983406963,2.149590071085324,0,1,0,0,0,1
1,8,815144.9572241174,700279.400557676,0.8513444333355861,988.6513443755266,5.533390837318082,4.817582689507033,8.625864969308607,9.17287524147512,2.79594706978854,2.7482146174771165,413,409,826,454,445,-24.324173104929677,0.6100760204106619,0.402697767750159,-0.46941582829120576,3.315591672596188,1,1,0,0,0,0
1,9,837462.2199115239,758535.0803044036,1.2107286039287974,1051.447140081345,6.224764814994453,6.360316345045275,10.648603461768735,9.40720084353118,2.7370474552530695,2.8482024712534284,419,453,842,447,426,8.896836549547242,0.5350750855693034,0.46671216814348115,-0.47229890842255506,2.739374257037814,1,0,0,1,1,0
1,10,701554.7428649969,629113.7461206091,1.2755900325561222,692.7453176243641,5.995529061419998,5.415971225043938,8.556044697571227,8.828833591047175,2.893257789566266,2.952135395834905,504,414,559,835,318,-18.340287749560616,0.6878955809276058,0.5849880150324958,-0.09530640919014827,2.8874442514632532,1,1,0,0,1,0
1,11,638776.2395209185,623848.0998705414,1.8507186034962289,1025.766435613692,6.402363741547858,6.593811107622269,8.425058710129045,8.653759609126954,3.1202185347138296,2.7863761010914048,523,546,618,450,406,11.56188892377731,0.7850397675923143,0.4724659589033983,0.08009977335240998,1.9754177362839016,0,1,0,0,1,0
1,12,712912.1524349852,637056.0679680341,1.2414391553304898,1147.8498681623478,6.829234349862032,5.851002340287453,10.269399757413375,10.549253248818438,3.1558551713489758,3.0108782975147657,428,469,772,457,316,-13.989976597125477,0.7969068772805953,0.6076725484222771,-0.4406753819084328,3.051476884988236,0,0,0,1,1,0
1,13,949721.464183465,885844.1192876273,1.3612265510416224,1742.9543005865,6.689456202198896,6.599320115497081,8.44543344152359,9.864292783956023,2.9148917046199663,3.018508336972993,406,460,634,622,423,-6.506798845029191,0.5223086689466669,0.4800509253942813,0.24483476006190202,3.0564903832098316,0,0,0,0,0,0
1,14,810288.5170907163,731381.6131262376,1.2109309603552136,815.2422523294862,6.071027705185609,5.456362546873715,8.659163382950622,8.883206400447822,2.8519660944463934,2.827864287038203,413,453,676,610,458,17.93637453126285,0.7773644088536101,0.40390724025104147,-0.4516347461648984,2.8916225110228697,1,1,0,1,0,1
1,15,inf,inf,0.0,inf,0.0,0.0,8.455804996261318,9.495271348467305,3.297771059589209,2.866651244541564,478,491,650,595,311,2.0454494059573154,0.516521712236902,0.46994984829679404,0.23777706924618286,2.5803844237628613,0,1,1,1,0,0
2,1,706039.8429277993,706039.8429277993,2.66811094474454,1256.7688752711638,5.233573658992013,6.200088915849255,8.243289996219232,8.85608580360985,2.7861463088339358,2.8120258628155494,475,454,741,499,390,-15.499110841507441,0.35274422689076157,0.3207650290867955,-0.3580625766598077,1.1565560642307349,0,0,1,0,0,0
2,2,551619.4696861479,551619.4696861479,2.1281755778137383,930.7876414143674,6.080543727524171,6.575472615274791,9.139348874644023,8.953413057221994,2.8399918679658627,2.894059142322141,397,423,675,504,371,-11.745273847252086,0.7391849430300671,0.5136459118642296,-0.2419258425989207,1.4378327792003025,0,1,0,1,0,1
2,3,535204.4570915757,535204.4570915757,2.2469855723276355,1033.1325615916487,5.916152395652164,6.355484410875411,8.492690627306695,8.765805160016777,2.8238220255431923,2.8165155006149925,420,457,656,462,311,-8.9451558912459,0.1630438185572523,0.4610173823078296,-0.4826373511990924,2.2229996177903333,0,1,0,1,0,0
2,4,659620.6393793167,585789.8617087704,1.2616922232945367,1250.318146031758,6.380178476479712,6.89641738593876,8.042962933525796,8.901399235064774,3.1174366095956554,2.808190652960584,407,451,674,476,301,-3.5358261406124116,0.3404264438966165,0.47107720776233836,-0.1598354911794041,3.215093052126057,0,1,0,0,0,0
2,5,644585.7407355554,644585.7407355554,2.591856753861348,1106.8477827734155,6.325857615373967,7.1820280950467765,8.710128402187284,8.445698835424004,2.802090860067961,2.804607130062395,482,452,600,632,317,0.6797190495322329,0.654905393207571,0.6018528246163561,-0.0672229556126469,2.384482333009842,0,1,1,1,0,0
2,6,579296.6949965879,550641.4725936353,1.7134477759704738,1006.159802776367,6.170817929704239,6.897554082100303,8.401899190708374,9.71743094099842,2.8673336215291525,2.8039129094329773,418,480,713,414,384,-8.524459178996963,0.8034766834699039,0.4516039176729988,-0.4884181551524558,1.514871723547334,0,1,0,1,0,0
2,7,678624.1246592576,633796.0174934266,1.5517189283416901,1281.56271708073,5.904192954559878,5.584805440979549,9.998330107605717,9.950093638938394,2.936867701045243,2.83546321117489,395,495,703,408,358,-16.651945590204512,0.25994459961514926,0.568020375038908,-0.48394328983406965,2.2133114922226707,0,1,1,0,0,0
2,8,701786.9081374874,634590.1149125863,1.3280320677509894,1160.7921444768604,5.941216917620987,5.563148806288833,8.06247687425888,8.37287524147512,2.830151724875139,2.7964368086977407,419,459,706,469,405,-16.868511937111673,0.5816459664702656,0.37175278958187635,-0.4952189805354709,3.2484974436466847,0,1,0,0,0,1
2,9,702735.0706657157,610877.9571741904,1.0814288650847466,905.5657185433264,6.087458394690777,7.242403651369516,9.848603461768734,8.60720084353118,2.8828680106941533,2.7877026636369564,417,492,722,451,386,-0.07596348630483973,0.4926635122895765,0.5591688145770816,-0.4089834391053473,2.7675189632499153,1,1,1,1,0,0
2,10,542729.6174187879,506810.5399023284,1.6408092248354045,623.2288156427776,6.13996537530195,5.947534836712476,8.857504732055887,8.424517719248307,2.7973878077505745,2.832135395834905,454,464,679,715,318,-13.024651632875234,0.6344153733754687,0.38498801503249575,-0.2953064091901483,2.8410750929816926,0,1,1,1,1,1
2,11,709411.9863230997,709411.9863230997,2.403209094278953,1326.620336853023,6.213001937501254,6.920585385202612,8.21281846202665,8.228824491855603,2.9402185347138294,2.812572939261507,473,496,738,486,366,3.2941461479738763,0.7350009373908608,0.31872130883980637,-0.11990022664759004,2.027714052891507,0,1,0,0,0,0
2,12,619511.0133995843,565280.5409686789,1.4576952756909454,1026.2555685085874,6.590993260464914,6.220484195539658,9.469399757413374,9.749253248818437,2.9758551713489756,2.8908782975147655,414,421,652,447,321,-10.295158044603417,0.7463857906273741,0.4076725484222771,-0.36528147485811857,2.9742905734961687,0,1,1,1,0,0
2,13,772357.1221519441,713789.822168315,1.4143270001637087,1627.0383519917018,6.202632740736618,6.608253838639412,8.609302860711834,9.064292783956022,2.774673646486663,2.8985083369729927,409,463,578,502,383,-6.417461613605886,0.5101710906656509,0.37193155947738116,0.04483476006190201,2.9718573067567466,0,0,0,0,0,1
2,14,754561.442776388,672194.4252848454,1.1763298250845737,800.4195471105497,6.057200173494816,5.933413141671691,9.054270736929116,8.576512148393283,2.8386266101538498,2.8149617098495843,415,463,736,494,418,13.165868583283084,0.7673194904142248,0.6039072402510415,-0.3577839204659905,2.863844496148784,1,1,0,1,0,1
2,15,578194.1066709186,578194.1066709186,2.1473399495256555,1079.5878465254377,6.396531613411834,7.170708496964368,8.377150317457012,8.695271348467305,3.117771059589209,2.8275260476127793,447,463,691,494,326,0.7929150303563213,0.5038250874701603,0.3592825167785099,0.03777706924618285,2.56786438718775,0,1,1,1,0,0
3,1,608434.9592134472,608434.9592134472,2.493195735447113,1230.2586569616883,5.49949081667434,6.423170239914173,8.205616685268197,8.87450195270569,2.7687629418725948,2.8587542784884543,425,488,699,475,350,-13.26829760085828,0.3449230516585781,0.38171251942130746,-0.39596358072602467,1.2547566304299196,0,1,0,0,0,0
3,2,508857.3368196372,508857.3368196372,2.55418711327085,893.235637941659,5.772839595572777,6.935208594517388,8.339348874644022,8.191513109507666,2.702650364570263,2.774059142322141,386,429,653,482,331,-8.14791405482612,0.7013217319618334,0.3136459118642296,-0.4419258425989207,1.4846313083783573,0,1,1,1,0,1
3,3,522004.6893782764,522004.6893782764,2.638118716845366,933.8041816619856,5.729555329361774,6.396104192831199,8.2633996169228,8.17530460340501,2.740686556454194,2.7953913173157052,393,420,656,474,332,-8.538958071688006,0.1895206962946122,0.3242212731604805,-0.43985502345661653,2.168365366373414,0,1,1,1,0,1
3,4,598609.8498695783,540719.87785514,1.4211002798556174,1143.2186479664067,6.116184416273733,6.247869980628188,8.842962933525797,8.28436386031819,2.9374366095956552,2.7525911475975176,358,401,655,496,341,-10.021300193718126,0.34037356755305026,0.27107720776233835,-0.3598354911794041,3.0660449606588758,0,1,0,0,0,0
3,5,553319.6147735954,553319.6147735954,2.8606781995750654,1019.6634994683826,6.085367065883408,6.525535211542955,8.399637717951302,8.087282188922535,2.6915358288463884,2.7453262340028974,432,402,678,512,305,-7.2446478845704565,0.628740657741483,0.40185282461635613,-0.2672229556126469,2.3308685407237313,0,1,1,1,0,0
3,6,562281.6331974212,562281.6331974212,2.7117907101968326,904.0089484191988,5.97639744137382,6.974665193739678,8.218381361526776,8.91743094099842,2.7843792572258366,2.739705976757355,386,430,707,528,344,-7.753348062603212,0.7731617984021433,0.4259776935320466,-0.2884181551524558,1.597330397228635,0,1,1,1,0,1
3,7,571227.625867168,571227.625867168,2.3696890791470855,1244.1595014123563,5.9763588719270695,6.224132208846266,9.198330107605717,9.150093638938394,2.756867701045243,2.825298388215883,354,445,655,528,318,-10.258677911537346,0.2634550783179128,0.40262974832961973,-0.4330148812630519,2.2309448886905465,0,1,1,0,0,0
3,8,593033.2967496637,528347.9677529373,1.3531467100327372,896.5575890493946,6.243483999112254,6.30861626521966,8.811141308605054,8.382303135912343,2.7646657191892534,2.8192636046157027,402,461,586,493,365,-9.413837347803405,0.5665647401615703,0.2803307810251487,-0.44103787227810476,3.1362431854976283,0,1,1,1,0,1
3,9,532539.3581814636,532539.3581814636,2.0434007259422375,965.0286565138583,6.088909347317162,6.407365932806465,9.048603461768733,8.19279915646882,2.8585380108865177,2.738689616073747,395,450,602,486,346,-8.426340671935346,0.47137889412249373,0.35916881457708155,-0.40931879933357296,2.7397350490053105,0,1,1,1,0,1
3,10,602766.7767027019,551407.0839419175,1.4864030723921555,798.9672461557175,5.798403729632408,6.9446549624205645,8.56917322460739,8.10925839239751,2.6638301189131783,2.7197722884259323,404,460,724,595,358,-8.053450375794359,0.5996738089996512,0.18498801503249573,-0.4953064091901483,2.758408843648089,0,1,1,1,0,1
3,11,600170.2564892721,600170.2564892721,2.1293657403124966,1307.976846761944,6.315653259845784,6.982136926852958,8.482142216126924,8.092874755303091,2.7602185347138293,2.80406322397467,423,446,618,472,341,2.678630731470432,0.7547395244077748,0.4267004103341851,-0.31990022664759005,2.035869665153342,0,1,0,0,0,0
3,12,480297.6750762772,440208.66155285516,1.5991098647657795,773.6228407377511,6.250627638487197,6.53417068613801,8.669399757413373,8.949253248818437,2.7958551713489754,2.7708782975147654,386,396,569,476,336,-7.1582931386198965,0.7092061239611318,0.20767254842227711,-0.41640360375503094,2.865121437210794,0,1,1,1,0,1
3,13,486797.6041520239,438137.11631725146,1.5133951216522759,926.9753147189361,5.9747971363468775,7.095514644301991,8.78192761426437,8.380489487424466,2.6913776957888627,2.7785083369729926,396,413,526,409,343,-6.544853556980083,0.5096907056201537,0.17193155947738115,-0.155165239938098,2.9086633980736876,0,1,1,0,0,1
3,14,524496.0371131169,500848.0777224885,1.7635204060937155,664.8110678672901,6.261887793716613,5.578991929282957,9.52453280097847,9.288159361762895,2.7988057462538154,2.7941037771137753,381,414,616,614,383,16.710080707170434,0.8083121521762464,0.40390724025104147,-0.3715294639219396,2.849777546573392,0,1,1,1,1,1
3,15,454934.2083069297,414981.0217707022,1.6004681346377252,738.8072120160579,6.174360871279561,7.537767870330505,8.603736624439007,8.40860169950891,2.937771059589209,2.7724729505891403,397,413,571,404,349,-2.122321296694942,0.5032089482695945,0.1592825167785099,-0.16222293075381716,2.570103127862099,0,1,1,1,0,1
4,1,463346.6948862923,437423.91601127974,1.740772211249875,914.1509488588289,5.601804455748833,7.365078106869333,8.56291872529343,8.386000521682602,2.875136627084092,2.8493263519768366,375,438,579,413,321,-8.849218931306659,0.3458230215336993,0.18171251942130745,-0.19596358072602466,1.372183677206399,0,1,1,0,0,1
4,2,421406.2990993073,386128.6033145661,1.6472230421525882,646.5381588491027,5.878178210610944,7.841502737089524,8.034142784005788,8.108190361492182,2.771424617544698,2.689284482736284,386,416,533,412,324,-4.084972629104757,0.6668387070637728,0.11364591186422957,-0.2419258425989207,1.557568275351923,0,1,1,1,0,1
4,3,401847.91631833924,376893.3643541284,1.7504544803578919,669.204121875193,5.6468814378071555,7.038725482620865,8.118041878697007,8.310272820025885,2.704051358366544,2.7287842497243067,369,390,536,420,338,-7.112745173791344,0.2272779750767311,0.12422127316048048,-0.23985502345661652,2.1075131540601264,0,1,1,1,0,1
4,4,439555.541005252,393552.5492430269,1.5399700823777491,613.6897932254222,5.595910116151597,6.368453825282675,8.704347094926208,8.119678186573765,2.757436609595655,2.7020447520924775,369,354,535,433,365,-13.815461747173257,0.3357817519830196,0.07107720776233833,-0.3371919119390534,2.9262318977876873,0,1,1,1,0,1
4,5,440005.9292364411,412802.87549879693,1.7279694626235582,730.00829253199,5.828254214219137,5.974211134242809,8.089083329752397,8.700347059503628,2.6229256807589607,2.6957508818354396,382,354,558,408,336,-12.757888657571906,0.5942568694858714,0.20185282461635612,-0.37012342994194924,2.285071539340722,0,1,1,1,0,1
4,6,433924.91738707735,433924.91738707735,2.2656742854599874,755.075639282058,5.908999322739052,7.045066196979386,8.555879284893447,8.11743094099842,2.66996933357559,2.689427203423077,353,380,587,498,308,-7.049338030206132,0.7299565008721183,0.2259776935320466,-0.08841815515245577,1.6739355344029807,0,1,1,1,0,1
4,7,461611.2241445281,461611.2241445281,2.0385437034460994,954.6862326319421,5.717337240582199,6.752313660193483,8.398330107605716,8.350093638938393,2.6061776030570276,2.7710477251564223,365,395,535,502,313,-4.976863398065161,0.2644554198765421,0.20262974832961972,-0.23301488126305187,2.2387195250319754,0,1,1,0,0,1
4,8,429627.8316578,358536.71680291515,1.2890888514511514,607.7294962723266,6.402541238502853,7.389436905626226,8.667257487405484,8.833410383672065,2.676310692793237,2.791054324378847,368,411,466,435,325,-3.605630943737741,0.5423434758540268,0.08033078102514868,-0.24103787227810475,3.019587466697304,0,1,1,1,0,1
4,9,435339.3869379335,394282.19420154806,1.5894280726361454,666.7192292803992,5.9523045176345155,6.356516359753044,8.248603461768733,8.879222014372493,2.7331503030007145,2.699542929516313,363,400,482,443,308,-13.934836402469553,0.4466487620614812,0.15916881457708154,-0.20931879933357295,2.696885048257603,0,1,1,1,0,1
4,10,456468.7815637802,455683.1121076428,1.9921433054386262,815.9537373998853,5.980133082984931,6.32940193559125,8.33463644439717,8.848839980510103,2.635396511315256,2.6799968908356413,389,410,604,475,318,-9.205980644087504,0.5993220495361248,0.2604261978323516,-0.2953064091901483,2.6896490466852856,0,1,1,1,0,1
4,11,470570.72910081455,425492.59837260714,1.5492186927179257,981.7697954448545,6.3418315606568045,7.223754132149621,8.319780618481206,8.231669482755803,2.6051770391336233,2.7613419024386845,373,396,498,409,320,-0.2624586785037928,0.7473135944097508,0.2267004103341851,-0.35139224534782687,2.0442304284488526,0,1,1,0,0,1
4,12,377166.5519931927,334770.16648057627,1.5760361448738358,515.1554218106426,6.1168807468905895,7.254918949047251,8.130600242586628,8.149253248818436,2.6158551713489753,2.6663205320504897,355,372,462,439,348,-4.950810509527491,0.6637712246242666,0.007672548422277103,-0.21640360375503093,2.760660689684061,0,1,1,1,0,1
4,13,380478.42943454953,340695.5382210048,1.6021710878645528,538.1999274271544,6.006027286385778,7.127463910917481,8.275072291721855,8.347024735124032,2.6199008558757773,2.6585083369729925,360,363,406,517,321,-6.225360890825196,0.5155598616112025,0.028068440522618865,-0.355165239938098,2.8589494430310607,0,1,1,1,0,1
4,14,490697.0071130424,459075.44590670586,1.6837843879366343,787.0359791147285,6.230068949882637,5.88622035242453,8.72453280097847,8.560643939375533,2.6426098807302374,2.7170968242404117,360,364,496,520,343,13.637796475754696,0.8311857865694973,0.20390724025104146,-0.17152946392193957,2.8366320824005236,0,1,1,1,0,1
4,15,410361.8151792314,353335.79529644316,1.4297398011721176,562.7085578303711,6.110163686119791,7.26118695726414,8.306379361221314,8.071172782261922,2.7577710595892087,2.6820933812326957,353,363,451,423,364,-4.888130427358599,0.5092441220881581,0.0407174832214901,-0.3622229307538172,2.578723604075753,0,1,1,1,0,1
5,1,395236.6499990758,363575.5108177314,1.6833886081865557,682.9064139587562,5.861030382917671,7.774357651034972,8.396399214912364,8.21073326223435,2.7677385797939684,2.7533509671158805,373,388,459,501,333,-4.756423489650282,0.3592580189338238,0.01828748057869256,-0.08367174496550589,1.5057761363540794,0,1,1,0,0,1
5,2,413595.11010604893,358634.3397627634,1.450392296567145,606.2172747829051,6.047144873437397,8.103711031084865,8.086544173446391,8.362173866981925,2.710450416734639,2.6187271553075875,366,366,413,505,348,-1.4628896891513423,0.6425770501121317,0.08635408813577045,-0.06732830889544983,1.653155794606288,0,1,1,1,0,1
5,3,443759.4666104661,357257.86993007985,1.1349840331961376,596.5486336665803,5.863182903602922,7.19398620425439,8.3971535840676,8.476890904850842,2.616546045470275,2.651653458345217,356,351,416,401,354,-5.560137957456093,0.27128736168053474,0.07577872683951953,-0.06806465865035288,2.0890924144864433,0,1,1,1,0,1
5,4,459337.1214661377,395028.8603033982,1.3569173883726051,657.5908162255154,5.689904196549174,6.330126809571468,8.054388712277378,8.434335722637922,2.6225633904043453,2.649215387244875,379,359,415,405,362,-14.198731904285331,0.34577690079470874,0.12892279223766168,-0.15760273178230486,2.822234248819566,0,1,1,1,0,1
5,5,494397.10508409573,367126.9505079792,0.7272984542388344,517.8385261182533,5.907424169381494,6.288435425212789,8.471198451424579,8.53641609408529,2.6300606676732046,2.646675028901313,368,360,438,523,372,-14.615645747872103,0.5729178328456488,0.001852824616356108,-0.233773654728584,2.2706172453002376,0,1,1,1,0,1
5,6,398777.9444842077,336347.0371210574,1.3756909263684967,525.5175599333835,6.031639141407449,7.648147140295251,8.382280893020162,8.408322514049463,2.6480732057800864,2.6429472948673043,369,364,467,417,331,-6.018528597047495,0.6970472524982833,0.025977693532046597,-0.12191315685139673,1.7677835183407604,0,1,1,1,0,1
5,7,463518.190538069,341516.9511055194,0.7799876056745038,525.6871538066822,5.954789872401446,7.622708597652702,8.401669892394285,8.426046858707018,2.7270971479170343,2.6819259069193007,371,355,415,420,352,-1.272914023472985,0.2812376692210102,0.0026297483296197077,-0.07049690245418841,2.2634810654869515,0,1,1,1,0,1
5,8,440857.63406921685,363134.7673769269,1.2227713330771006,653.1762015401413,6.096279960288635,7.738475201151854,8.049355253566775,8.412908936695796,2.627941238396367,2.71039071088281,364,361,424,402,324,0.115247988481467,0.530278961511671,0.11966921897485133,-0.06764405676291763,2.9283444660840514,0,1,1,1,0,1
5,9,427770.78086292243,358109.83977509604,1.3033905891217359,544.6009557221616,5.75543817149861,6.20124637623768,8.42511777363645,8.574139914014976,2.6368917231873628,2.6559151935771164,365,350,432,409,329,-15.487536237623189,0.4380820409350797,0.04083118542291847,-0.07892284548536951,2.6692506594563583,0,1,1,1,0,1
5,10,396271.79907377757,348425.8260718835,1.5215402699810594,563.9684796432812,6.047934856490806,6.857815203610059,8.026171640241259,8.613665541602154,2.6017867192447586,2.6454748932249728,356,360,484,445,326,-8.921847963899419,0.6016714384262193,0.06042619783235159,-0.09530640919014827,2.6441456361796716,0,1,1,1,0,1
5,11,423279.20592757815,350741.79133031203,1.274625854027339,665.7155798967594,6.261051446193699,7.3976819474310425,8.023811914077712,8.24013105379457,2.7284435668611224,2.6850307240077096,374,354,422,405,338,-3.523180525689574,0.738750865221361,0.026700410334185076,-0.19044824172193295,2.07660113858191,0,1,1,0,0,1
5,12,458451.1903823493,375732.794599985,1.172816042176357,663.3900417975973,6.266279481904602,7.4094427330837185,8.690600242586628,8.410746751181563,2.710144828651025,2.6068699037745033,366,355,413,413,357,-3.405572669162807,0.631966795088461,0.13232745157772288,-0.07640360375503094,2.687538166415348,0,1,1,1,0,1
5,13,427458.42480876175,375851.16745309706,1.483927426443353,676.7729211866019,6.117870535327096,7.1825042224141065,8.218956024767815,8.643446887492876,2.6949582049386422,2.6216763665042353,368,362,406,513,338,-5.674957775858933,0.5256373224460467,0.14358204281947698,-0.30706221285034,2.8205115835605907,0,1,1,1,0,1
5,14,481391.7388896397,331943.4527476293,0.5055171385798964,518.5701187899101,6.21570489526847,7.077838943566347,8.075467199021531,8.239356060624466,2.6854929384539457,2.6383939831501055,385,362,424,400,321,6.72161056433653,0.8404548910273948,0.003907240251041444,-0.09236012124733844,2.824618228369602,0,1,1,1,0,1
5,15,448521.96442610654,386734.0933840496,1.3821212895794304,684.3042985858125,6.0334276642787446,7.065973380159344,8.071171343354164,8.491043589670044,2.6222289404107917,2.611124585660886,389,362,417,459,356,-6.840266198406556,0.51969215495067,0.14104520943286952,-0.3045526122791604,2.5914922141393477,0,1,1,1,0,1
6,1,449166.5776767423,396057.54306083545,1.4689096538409319,705.2250753779625,5.791526290848735,8.055869804966898,8.023681634796585,8.562283323626952,2.612261420206032,2.643664533507896,395,362,420,500,359,-1.9413019503310127,0.3809264556758011,0.14554366681976885,-0.18499661842443776,1.6457395507110633,0,1,1,1,0,1
6,2,440176.50917057204,380058.6733315,1.3988216416092791,660.3629263044256,5.990138849061997,8.197836527143599,8.213482449862928,8.310821318154225,2.6014195119225945,2.6074194625627283,355,362,402,503,365,-0.5216347285640046,0.6264474626009074,0.13189254343639117,-0.14719409108694276,1.7610605938479142,0,1,1,1,0,1
6,3,412081.3805355206,404006.7559437986,1.9192537540827794,764.2508277107777,5.608677055412166,6.666079526995594,8.053549239886777,8.161855496791123,2.621051441891992,2.628491810328305,385,401,536,445,340,-5.839204730044059,0.2685410883561974,0.20386570802684978,-0.15105881841084084,2.1039967131128057,0,1,1,1,0,1
6,4,inf,inf,0.0,inf,0.0,0.0,8.579181544568153,8.198470889561452,2.7810668388496893,2.6367987758187623,362,378,535,493,347,-11.720377841674473,0.35437009973203676,0.039944136397553634,-0.11385948690077939,2.7637617387723816,0,1,1,1,0,1
6,5,428231.16181669413,405640.87919589155,1.7740971737919744,698.4649099212301,5.775944445689786,6.588297259346161,8.122390431883606,8.082802965667375,2.655219010136421,2.636974799278959,407,377,558,405,332,-11.617027406538394,0.5855727994231809,0.1572317460813882,-0.11649786605519158,2.2809457296811613,0,1,1,1,0,1
6,6,449993.07845547365,379672.1727693657,1.2967909431389204,663.5561236450374,6.065769047766034,7.74767703728536,8.018214106090378,8.497544659011163,2.7081053019572425,2.6218263107152717,375,404,424,418,367,-5.0232296271463905,0.6726706227622242,0.13599864665284914,-0.27344937781017187,1.8702277761129278,0,1,1,1,0,1
6,7,422581.32886619127,388582.6550014231,1.6600132613523182,705.9625515954212,5.797212759601289,7.4245758544924065,8.695779472651108,8.635420727570496,2.7003568041137527,2.6392655036821098,360,405,535,462,331,-3.2542414550759364,0.2895688626024149,0.15707592986180743,-0.15656795279234634,2.295263317237473,0,1,1,1,0,1
6,8,434778.75561098347,406881.80523573444,1.72103049624751,622.6529925509745,5.921939690379068,7.527328925407636,8.556738331866507,8.034371399673649,2.705784519661483,2.6571541758580146,384,383,544,498,353,-2.2267107459236475,0.5407412814148886,0.06848655709989857,-0.15010613746851847,2.872836121919206,0,1,1,1,0,1
6,9,442993.57433532143,413755.0292904257,1.7076145495510429,683.9422837444254,5.662251243720709,6.362688886383916,8.612892267421614,8.096672270805541,2.741166135386596,2.630457506576991,378,400,552,415,367,-13.873111136160848,0.4411747228501132,0.14102240584625975,-0.17401236752081145,2.6532900670073536,0,1,1,1,0,1
6,10,417152.28912516544,388543.7527933895,1.7139146366822406,674.8062555224475,6.088107491383231,6.979510529100214,8.379376500288478,8.050747987144621,2.6118725438490236,2.631490025790167,367,362,433,523,358,-7.704894708997855,0.6058170120784766,0.13957380216764842,-0.11946380525484879,2.616605973793419,0,1,1,1,0,1
6,11,409832.4649703333,394806.594040593,1.8497412907025967,679.6629963802999,6.033558409444627,7.1328310702645545,8.080452879443413,8.14825323817429,2.7357608033215315,2.62247527138339,394,404,542,449,363,-6.171689297354446,0.7297372312159558,0.13614359138553556,-0.1129721076691459,2.1245806318187683,0,1,1,1,0,1
6,12,389881.7213569269,359428.66880508565,1.6954694744815875,594.1153552384591,6.0164924338855785,7.326505770755086,8.109399757413371,8.397237333303044,2.7061977408461457,2.7053793849275576,365,377,533,446,343,-4.234942292449141,0.6466555477098396,0.06767254842227713,-0.1699468793483272,2.6507342024020493,0,1,1,1,0,1
6,13,399863.7055470651,355645.4477986215,1.5578174225155639,586.9560427541528,6.107806637501294,7.18563847043063,8.557876108362006,8.17842978670788,2.671308911649891,2.7109103805115016,372,391,489,439,343,-5.643615295693701,0.5269521378246257,0.05641795718052303,-0.15110000518931022,2.7975269830431397,0,1,1,1,0,1
6,14,429819.2594844011,380175.9629358341,1.5035670345143302,671.2096757695122,6.208856394691636,7.638780564962346,8.688599629385102,8.702389177761042,2.726321085737995,2.60305932098533,383,391,544,445,338,-1.1121943503765452,0.8398275214176711,0.13157229881975893,-0.2050929176668095,2.8138411860232435,0,1,1,1,0,1
6,15,404091.32811415987,356188.6248488473,1.520972967346874,582.0180102566725,5.93390537773346,7.169142682255787,8.720708976691686,8.217869789132017,2.7811515065197003,2.6101789552568437,361,391,537,429,350,-5.808573177442139,0.5210901826216843,0.05895479056713049,-0.1454156544804178,2.6046531764253995,0,1,1,1,0,1
7,1,395563.4488319933,356375.3709752671,1.6081192214327384,580.8885617269834,5.620407418190782,7.899791331329267,8.38554457093989,8.197040714133568,2.7836748335574972,2.6116049300705493,365,412,540,438,335,-3.5020866867073415,0.3831829106374408,0.05445633318023116,-0.29722391575555607,1.762634506114382,0,1,1,1,0,1
7,2,394653.36955349916,353746.4642035506,1.5909309465005141,577.8868005310876,5.970561343681619,8.05789659824493,8.045458786582719,8.125368176117714,2.634697719747675,2.657957680812316,379,396,499,439,338,-1.9210340175507012,0.6347504224875442,0.05102815516422998,-0.295914526342201,1.8563646781350511,0,1,1,1,0,1
7,3,434234.26730976166,343638.6688582366,1.094044015484749,532.2395112929814,5.569345527750606,7.044468589236782,8.533226361350627,8.001798162086338,2.6666228956357894,2.661527108971348,372,394,510,445,337,-7.0553141076321815,0.23625660010935137,0.003865708026849768,-0.298852336684932,2.139297147899293,0,1,1,1,0,1
7,4,452152.2484917008,389190.5031687042,1.3703825467700341,672.2744925172236,5.678825835320482,6.719606779006726,8.688766763372653,8.056993683087551,2.7696209696787735,2.662544997666662,352,363,510,440,358,-10.30393220993274,0.35199795884835133,0.01619210397356796,-0.22505642820967492,2.748657250742115,0,1,1,0,0,1
7,5,409788.67518623103,366078.37717616133,1.5628970198993029,622.9568269520862,6.113876025826668,6.96910327022492,8.545814551434415,8.163213729849058,2.645220111954647,2.6445164199556745,400,383,499,443,323,-7.808967297750794,0.5975806326542972,0.08644289383933225,-0.1698354142686279,2.305931989696455,0,1,1,1,0,1
7,6,400401.6350004848,377051.48061529576,1.7664984561481096,578.0012877893603,5.806281832757405,7.721629971256542,8.37933885106933,8.14283420208355,2.668862117361756,2.635252348469719,361,361,544,463,329,-5.283700287434587,0.6825887189351879,0.0633263260482016,-0.30028770844030733,1.9585405987288542,0,1,1,1,0,1
7,7,395356.4466743162,363961.4196890252,1.6860497301470903,614.0075284819774,5.645217151149523,7.2423877581699205,8.356985612097489,8.258778508847069,2.6223692440676265,2.6226162754467826,351,404,510,468,337,-5.076122418300802,0.3104712915981532,0.08582122566527053,-0.2979299275748526,2.334737258706417,0,1,1,1,0,1
7,8,407709.4658251712,339203.5955806969,1.3149412975552568,534.1368460338773,6.12288238058776,7.1583705862719125,8.655342252048214,8.272223324252424,2.6890673187410776,2.6654512165479374,366,411,424,444,336,-5.916294137280882,0.5548167794248275,0.023272992287311126,-0.29884550945303134,2.8532594672842566,0,1,1,1,0,1
7,9,438940.9713001066,365908.17253689596,1.2696720123678935,565.0749148369268,5.901616756859281,6.546169961137199,8.017706036010194,8.849416055394581,2.6974982613895166,2.637963250369559,361,360,432,437,329,-12.038300388628004,0.4488357663872964,0.058977594153740265,-0.2968434474943089,2.6486402753841287,0,1,1,1,0,1
7,10,411945.8397409315,339488.88929299155,1.2754304955206,515.0783512010237,5.8868077956056535,7.015999498225083,8.1056463922297,8.850747987144622,2.6214449776983235,2.643002159876741,366,387,553,416,333,-7.340005017749159,0.606403396369726,0.007091356428942097,-0.26748004447885865,2.607057460142766,0,1,1,1,0,1
7,11,404932.30164518347,379070.1787390345,1.7413787709385107,626.4744218132633,5.937654357270409,6.978735295029409,8.201765900276023,8.085014959126333,2.6567812371382633,2.6000994721302577,383,404,507,469,363,-7.7126470497058985,0.7207709781565607,0.09589779259854771,-0.19894887509367157,2.181710345121184,0,1,1,1,0,1
7,12,412465.3058189733,344207.3402352611,1.3174203441628778,557.5762291622796,6.21245088063516,7.179916599647758,8.719393408697115,8.00322096842767,2.615145088634292,2.7432757409693953,350,382,413,455,345,-5.700834003522423,0.6768234574889442,0.04912162022243166,-0.2989876948793136,2.6465918659225767,0,1,1,1,0,1
7,13,409879.6260504499,356726.4539836844,1.4684682793323454,615.0187278851242,6.014330082821325,7.148562267393794,8.010999604659276,8.098472422511675,2.6016768726879005,2.735518468233047,353,365,414,463,328,-6.014377326062059,0.5206054882277189,0.09701752314191975,-0.13301860058524395,2.7898802952648927,0,1,1,1,0,1
7,14,414732.60381972685,369032.76167431666,1.5430015785458984,594.2166770445738,6.094303149070931,6.992003086163731,8.580041072141059,8.431238297224679,2.677420160987013,2.6629719553882354,364,391,506,470,362,-7.579969138362691,0.8322978865901233,0.07765946599741484,-0.299338458071374,2.804328816703195,0,1,1,1,0,1
7,15,423845.8682923587,377215.2538285156,1.5336938553615687,675.9301882563316,5.959874544758108,7.263351774185599,8.60668986637043,8.047195649188001,2.7764586994617075,2.6369352697393813,362,391,509,418,344,-4.866482258144012,0.5278151259614784,0.1373876195853492,-0.1302498985732075,2.6196403613642114,0,1,1,1,0,1
8,1,437744.4850772796,373605.9823613593,1.3586149728407966,757.6727886195548,5.828464557803653,7.630425754898795,8.4082914423872,8.10355906629295,2.7815592964604896,2.659378463337598,356,381,420,457,331,-6.195742451012052,0.3692293248935778,0.08613576688968516,-0.26353730878445353,1.8403905374731364,0,1,1,0,0,1
8,2,409888.6035316918,373126.56298244337,1.6323795945075157,663.4990794201982,5.779128614437802,7.882263847955384,8.009894149582033,8.021255624530907,2.6467636465297932,2.6974186579225634,380,393,512,406,331,-3.6773615204461567,0.641731275688511,0.127021837869275,-0.29223511185620266,1.95654943514304,0,1,1,1,0,1
8,3,400383.0123773626,344910.12541585503,1.4452711303849242,563.665118720595,5.80985675651921,7.007664101205471,8.097958939977325,8.421434763595366,2.673240204626013,2.7076300248534357,350,361,459,414,349,-7.423358987945293,0.22080496906763078,0.04198395392087558,-0.28979930162085177,2.181931957395304,0,1,1,1,0,1
8,4,471285.2703235822,417027.3058827783,1.4574203555919611,821.644627128997,5.824746464586585,6.611742210651297,8.249289679257496,8.364854590005361,2.650396359752889,2.6945313583297206,362,354,457,405,362,-11.38257789348703,0.34470614278976863,0.12440140407456964,-0.2925755971785696,2.7668811421318633,0,1,1,0,0,1
8,5,418120.0353702694,348265.9232615071,1.3014588789123773,574.5236269016896,6.154130935259703,7.308942439757091,8.442064011283941,8.320401420215006,2.6176243576160068,2.66044418163751,366,375,402,473,347,-4.410575602429082,0.6086518701038298,0.05767746359341876,-0.27029878162226684,2.3402538433408413,0,1,1,1,0,1
8,6,419254.9671010972,347062.16320703493,1.2780719610593767,580.7047507496534,6.169899731791625,7.139892119922234,8.396515998301533,8.02743595261718,2.6015223127232807,2.662184682264962,354,354,424,425,327,-6.101078800777666,0.7049898216128265,0.08218312754685297,-0.20311821755216616,2.0195919730070497,0,1,1,1,0,1
8,7,420797.89983830677,358462.3928337677,1.3766449299546093,585.3823393148748,5.837285402069627,7.118068729526261,8.098340612051011,8.122739985826275,2.6367910088689555,2.632305970122178,362,369,421,443,354,-6.319312704737392,0.3393317629027458,0.05787888107344544,-0.2863675454816815,2.378134282049016,0,1,1,1,0,1
8,8,423414.79389641486,343482.16508027574,1.2006737118386088,575.2698771481517,6.036465088324871,6.924851986524137,8.218664304291076,8.30638168265003,2.626014386941384,2.671683698742251,354,388,403,401,339,-8.25148013475862,0.5690576499533335,0.06877548026595379,-0.29120615743292505,2.8361283286574595,0,1,1,1,0,1
8,9,450966.28546273214,373539.93310610077,1.2257364764336864,613.7194602446125,5.863029290649904,6.518162180054434,8.277978049153749,8.492199230664394,2.6070536159113518,2.662574697396985,351,364,407,426,326,-12.318378199455669,0.4507937092929957,0.11121664878098864,-0.27104027943311787,2.652822569450433,0,1,1,1,0,1
8,10,412487.7608407957,326574.11077028734,1.140863499294916,497.514237468522,6.0890097420700835,6.94771715402319,8.35838925414626,8.543302441869997,2.6188017142419473,2.6632075452984947,350,364,433,407,326,-8.022828459768103,0.6038170597902011,0.008041888959232997,-0.29968665032890085,2.611980760681128,0,1,1,1,0,1
8,11,398581.38878131873,338001.6055255554,1.3942021674423664,535.7952059215096,6.116743779097605,6.941673838726102,8.218101745970474,8.109880154094357,2.6272099407887186,2.616777256313732,357,369,415,453,345,-8.08326161273899,0.7121989978611637,0.03819355685496133,-0.2827939598254386,2.2431305952286684,0,1,1,1,0,1
8,12,410882.63185606693,365132.4391721902,1.5424980731612326,600.6012049324139,6.172706227866615,7.170061549908988,8.080606591302885,8.046131838959113,2.647897820601746,2.7086070664185877,368,366,473,429,354,-5.7993845009101195,0.6827763081240652,0.07339384296640253,-0.2763274991378586,2.6661273871036815,0,1,1,1,0,1
8,13,404726.4280219317,387654.9931879157,1.8292856516598406,607.7302694226543,5.907264469361207,7.129191860050996,8.810999604659276,8.46490711413579,2.6320933170206207,2.695319627177602,353,352,534,508,334,-6.20808139949003,0.5162696434053204,0.08124819585187748,-0.23619212572955614,2.7944741036906793,0,1,1,1,0,1
8,14,422581.0807904628,368628.8339063086,1.4604775311584577,545.9037220187139,6.099759524099718,6.606662955354592,8.070918115563586,8.06203411014181,2.6000079216100067,2.706546167349463,356,370,414,456,362,-11.433370446454079,0.820239913973222,0.04410268641503216,-0.25288519078043514,2.796053812342097,0,1,1,1,0,1
8,15,420054.2417388149,363628.1620524786,1.4357392031366365,592.2977180044198,6.091756462340019,7.234777867393607,8.22705373318809,8.423569536107768,2.6618213023152717,2.6618058578927153,374,370,459,442,352,-5.152221326063939,0.5304555608918041,0.06261238041465081,-0.236613259442323,2.632958209427119,0,1,1,1,0,1
9,1,441761.58961535327,397666.495078975,1.5590490546362175,788.2833620805593,5.772211068818432,7.614890670368354,8.140016826371749,8.414015041162699,2.6600409592224064,2.7250448457533647,385,355,454,495,351,-6.351093296316458,0.36014063021839043,0.08372258946223307,-0.17379984767943174,1.8754561972740595,0,1,1,0,0,1
9,2,409825.9500422189,365804.3173646008,1.5597836732238188,597.2926393020746,6.166434113640122,7.3988557453180075,8.150917122041339,8.135533376291654,2.6302019104401317,2.6977455092690583,363,371,428,502,354,-3.5114425468199184,0.6396759769506786,0.07264787272274031,-0.18690985328642146,2.0404462368155323,0,1,1,1,0,1
9,3,419692.44369530096,349930.1651781537,1.3023772148285273,555.9016654667399,5.845168668139923,7.045290027790241,8.57124549830218,8.42226396470931,2.6376225440347856,2.719727459130554,369,350,428,418,356,-7.047099722097584,0.22782881208003916,0.02747398406418566,-0.1839681575217341,2.233197572011641,0,1,1,1,0,1
9,4,440601.9139980838,403725.71826958033,1.6312380427149653,555.5358508162626,5.520957046605982,6.462620187203305,8.461816213404678,8.231979549608912,2.6277579319749464,2.7054497045094794,371,367,540,498,352,-12.873798127966955,0.342442522359534,0.01688290352800327,-0.23714287701204,2.804850608107478,0,1,1,1,0,1
9,5,405562.9912044353,376467.97504297615,1.7090498383854082,671.9815396434134,5.909022263846316,7.199816817990316,8.213949210439916,8.171650976505894,2.6046794924838275,2.669576208246728,364,373,522,430,338,-5.50183182009685,0.6062044161478649,0.14000664735899077,-0.26629963337370033,2.3743601601238846,0,1,1,1,0,1
9,6,427993.39609332685,358879.48746078945,1.3088609136746259,584.2008391775203,6.213969264734151,7.120258060576004,8.132423758416907,8.258509364005306,2.673686836879063,2.6771543619127445,363,393,458,405,355,-6.2974193942399594,0.7101023944439365,0.07511718047103205,-0.15208726997585648,2.049552695388434,0,1,1,1,0,1
9,7,418401.4019106535,380967.5803505302,1.6256617843987673,679.8247545204682,5.7796053042312705,7.1880066472655155,8.80881882556906,8.482894881645318,2.6595401698982712,2.6527274966977243,356,379,541,446,340,-5.619933527344838,0.3402314369978209,0.1384852198413031,-0.18357737457401674,2.415742097932806,0,1,1,1,0,1
9,8,414541.73885156086,354248.1506359373,1.3970641178437644,571.2571732872851,5.832343423408361,7.0749397732008035,8.437035531902074,8.144983683478294,2.6078533935720727,2.6715148114907614,379,375,523,451,349,-6.750602267991962,0.5668685809677554,0.03834300314833547,-0.18455360224773842,2.824078418668718,0,1,1,1,0,1
9,9,430329.36139672325,391079.9669925884,1.6075060559586516,609.8979584063521,5.6314279773287375,6.376750156358353,8.523313735113765,8.088038257567636,2.6946450117482335,2.679588684933223,374,377,527,414,354,-13.73249843641647,0.4464846533736237,0.0780194683432334,-0.17649616154139383,2.6623647462191404,0,1,1,1,0,1
9,10,392630.5428095376,365292.7108301612,1.7266216802062355,623.588035069719,6.048398897002936,6.890541454084181,8.14746623265652,8.062585723272036,2.610190662534398,2.6734305319040055,370,353,467,493,347,-8.594585459158191,0.6020147437407043,0.09372783044384539,-0.20676252152959923,2.6260660120660115,0,1,1,1,0,1
9,11,424699.2801410576,351906.16872047505,1.2720688857941742,601.3430531929615,6.1834195961512055,6.996037902620257,8.145210502339715,8.169658344630545,2.678039546961764,2.652647502424659,362,352,421,427,337,-7.539620973797425,0.704248235695091,0.09541534102623986,-0.25148782748605664,2.305280792575296,0,1,1,1,0,1
9,12,387204.0258372564,337532.57256842643,1.5032854673117002,519.8067369524526,6.218980035267651,7.26810838327313,8.758498476712818,8.240593687310387,2.6607133216377314,2.6507120048742085,361,367,483,431,347,-4.818916167268689,0.6648623208998499,0.014514870342522218,-0.17847951063357714,2.6983951451365433,0,1,1,1,0,1
9,13,400779.17320692,346034.49060244765,1.4525531739552768,560.4079499949365,5.9979543559031185,7.14617139982329,8.010999604659276,8.32576823082672,2.6409794041761017,2.641722755217721,365,374,414,478,341,-6.038286001767101,0.5183789464418204,0.041019475296149854,-0.283085566264527,2.8067327451723822,0,1,1,1,0,1
9,14,421600.9209030554,375555.9652190521,1.5395504431599671,657.1589765662553,6.082792166601713,6.880889201110792,8.481981827637927,8.67639909473327,2.6217090579730282,2.7040325105710963,376,376,534,442,345,-8.691107988892089,0.8190216136953282,0.1339873328366788,-0.17149855080919643,2.7902724985977225,0,1,1,1,0,1
9,15,420291.4898579641,388880.2315430812,1.6858874168511708,670.8984943704583,5.876650041862277,7.155593960461383,8.556719745955908,8.294199879316102,2.6177448474638667,2.6655789123187934,359,377,540,442,351,-5.944060395386167,0.5271690608365449,0.13137997167789156,-0.28252424102642215,2.642488155590979,0,1,1,1,0,1
10,1,397083.3657779129,348141.4856274104,1.5105811984949753,550.5293175529065,5.764616823115636,7.796249576116676,8.300655502481808,8.249932685399015,2.6263022950645216,2.751017170439402,376,384,496,470,341,-4.537504238833243,0.3650170240045068,0.016966337643930532,-0.16760255470553714,1.8737418521328628,0,1,1,1,0,1
10,2,398442.7126574985,367446.07646845636,1.6900336381095786,630.6237488682851,5.941459617776124,7.529485261977786,8.08299991343256,8.225468829592616,2.6097862096016353,2.670418554691822,360,379,523,443,345,-2.20514738022214,0.6336833127352817,0.1032354257164228,-0.15453496835204078,2.0964405729131173,0,1,1,1,0,1
10,3,423818.1186130874,343714.9829105103,1.1989686429742294,541.3583651294122,5.541289722531393,7.088484275664259,8.182071670297056,8.1286421070909,2.6072487155504254,2.6984009656386823,357,392,502,438,344,-6.615157243357415,0.2424248621255583,0.014467082997494137,-0.15518693710188414,2.280421783980326,0,1,1,1,0,1
10,4,455040.6649651382,419608.2325322776,1.645675675671394,726.1527282644523,5.84496362054959,6.469041057536778,8.62957856882552,8.003355513742221,2.709892880038408,2.6929379813168235,365,370,474,439,355,-12.809589424632222,0.3463286175003488,0.1828704021817582,-0.17148501156316798,2.849174108285769,0,1,1,1,0,1
10,5,376681.36505786056,345065.98243220284,1.6838461737434227,553.3851913368869,5.836970680374417,7.137555492502138,8.026055633327884,8.043421669668511,2.603456691404819,2.6743786294463936,357,370,516,409,344,-6.124445074978623,0.6068096390543835,0.038762663426440816,-0.195861979798802,2.4125332316065604,0,1,1,1,0,1
10,6,393645.9112103712,357453.6588066932,1.6380774759632202,589.6432546714692,5.988354407835214,7.138289978988121,8.193457666279864,8.2598834119791,2.667876441445487,2.675781422981257,370,369,578,407,335,-6.117100210118786,0.6948789074560235,0.07072460586898013,-0.17532623030228198,2.038971560560369,0,1,1,1,0,1
10,7,inf,inf,0.0,inf,0.0,0.0,8.00881882556906,8.15569342534206,2.6258730655598135,2.668357141202116,351,399,544,433,332,-4.726582593778886,0.3182192042021793,0.0007521717500272307,-0.129715901788179,2.429015030628973,0,1,1,1,0,1
10,8,418474.3929944259,362191.66847001045,1.4371727547558453,623.2421357145262,6.106054875129257,7.2778459012461685,8.498240883914166,8.016910699887111,2.6508821524918957,2.6709346572773374,371,393,453,436,336,-4.721540987538308,0.553427849665647,0.09209941250697753,-0.12666433896837231,2.8050696560178534,0,1,1,1,0,1
10,9,442456.864751753,378968.17515621585,1.3651131040446287,621.5786785846889,5.829953794236504,6.300754484437217,8.078907803236707,8.676875022237752,2.676066762436348,2.681690020875935,370,355,457,405,334,-14.492455155627836,0.44050109222960404,0.10973076222828668,-0.1353395575932031,2.6608963775313677,0,1,1,1,0,1
10,10,424089.35000952485,404951.15449725033,1.808618044877255,624.7871619758565,5.888963627564825,6.913845795687649,8.384560101497922,8.466083459400522,2.600560270983139,2.6810496515767848,375,364,565,468,359,-8.361542043123498,0.6009462317060478,0.08771926328338839,-0.12693903350874347,2.6280219182991846,0,1,1,1,0,1
10,11,446772.4948648173,342104.46388071956,0.9533196901590224,529.3211915893887,5.914176526021733,7.017077736777601,8.080996846146954,8.047281101435457,2.6472851863138422,2.67736321637389,368,402,541,416,349,-7.329222632223985,0.7036758224730035,0.015055615999170435,-0.1545619442030829,2.342832497822513,0,1,1,1,0,1
10,12,399690.74934149993,359280.36967830546,1.5958962033680553,610.5986394064546,5.898118855926297,7.290340815749435,8.041501523287181,8.121177491360749,2.6171490706397624,2.626533024288288,352,376,510,418,340,-4.596591842505644,0.6487607778796862,0.09529543252814905,-0.1340264903006927,2.720343318280236,0,1,1,1,0,1
10,13,406314.32601674856,335659.98648045154,1.2934566046370295,519.7550940744142,5.955606706730618,7.137508228894195,8.166261375556953,8.065397273926667,2.615066177991988,2.625303818185867,364,375,470,425,328,-6.124917711058051,0.5202551014340775,0.008524932143201852,-0.19857903187666992,2.809060029772948,0,1,1,1,0,1
10,14,472084.9851256296,344840.34590933967,0.727553607837101,506.03157198072313,6.065766669752786,7.247580497436189,8.467080606920897,8.308912340779209,2.6394782407464352,2.6751916389319508,367,387,551,426,351,-5.0241950256380985,0.8245124955342578,0.0013615607746451097,-0.14916311150496686,2.7744881425462578,0,1,1,1,0,1
10,15,386178.8788892119,346237.008314181,1.600581294249691,548.6981949535505,5.8592445621945926,7.108823233094437,8.504748597159539,8.102464944156743,2.7084997987574657,2.6555186840395613,350,387,556,405,341,-6.411767669055624,0.5212580476733127,0.03610914252784278,-0.19545880859747738,2.634606512603476,0,1,1,1,0,1
11,1,423630.4124758767,335649.4230521974,1.1201901057632069,513.7367252350525,5.577943864766914,7.861054333892438,8.281974458088868,8.105770686460323,2.7097378908026624,2.7324853988825226,355,392,502,421,328,-3.8894566610756085,0.37170929449592705,0.0016903073502887618,-0.2005164137267058,1.8337329828267714,0,1,1,1,0,1
11,2,363139.9842457178,347689.1890158588,1.8454920477014096,548.1266343880642,5.882276929043744,7.548299535216859,8.071768328634805,8.045003956198359,2.6020717526081114,2.6494001962330462,371,391,545,437,330,-2.0170046478314134,0.6296029804176099,0.02803720918956995,-0.18967367720325928,2.109004468153327,0,1,1,1,0,1
11,3,383248.2435566911,356817.0971162671,1.7356885355957599,585.761745860356,5.569676870391024,7.157371278413306,8.485804103338811,8.027954275917239,2.6005615358903937,2.6623734190208275,352,392,556,428,324,-5.926287215866943,0.24398700395278866,0.06133217012792598,-0.18348350218715945,2.2914083054206915,0,1,1,1,0,1
11,4,459908.15709275944,387867.15455581684,1.2795899746305741,546.7447835310849,5.586412153163797,6.6516154826980625,8.313702279813956,8.268113772041318,2.7048780448316223,2.6657112468559236,369,380,594,410,338,-10.983845173019372,0.3486283800321456,0.017129597818241804,-0.15226576464450942,2.8651072382805336,0,1,1,1,0,1
11,5,376087.3679433993,350482.62141289865,1.7439525346949936,561.3857553546583,5.864195437532489,7.199275584465289,8.238112942324818,8.044636019317654,2.6016293366399132,2.6655414316013495,361,390,555,423,331,-5.507244155347106,0.6081512721515996,0.044984626962007696,-0.1381668595030251,2.4280194721869734,0,1,1,1,0,1
11,6,372049.76306181255,367022.81020115165,1.9497304713933912,535.0664595062493,5.909557461239046,7.256027040362564,8.11890780612653,8.029596180178615,2.6176538538858867,2.6619363809233514,376,376,613,439,315,-4.939729596374364,0.6815935495132374,0.016401220508280134,-0.2110426692262071,2.034156986327829,0,1,1,1,0,1
11,7,403170.5664141018,399528.7539716625,1.9635818755756067,755.1694363939855,5.882740486639032,6.875074826810533,8.005023748884483,8.143549034010139,2.6153547409649622,2.6560046097726087,370,408,499,463,330,-3.7492517318946685,0.3066614410789549,0.20075217175002724,-0.17540720436340454,2.411408103544315,0,1,1,1,0,1
11,8,407275.56322992477,348168.84259856644,1.4089327936864164,560.2327292438662,6.102001012885155,7.372088564787433,8.349153428166607,8.28163219062223,2.657301197544683,2.658329072250753,361,419,499,434,320,-3.779114352125682,0.5486449934199772,0.04642627495072291,-0.17372275373125043,2.773693447225051,0,1,1,1,0,1
11,9,418465.8620320205,372544.33153534034,1.540784695033198,576.3107931121057,5.582707749257627,6.469839116580356,8.243706786459999,8.36029916592349,2.6003544582166143,2.659482589041742,364,374,503,455,309,-12.801608834196442,0.4412153318353722,0.06549940645462968,-0.17947452727308363,2.6407745176132886,0,1,1,1,0,1
11,10,375946.2590172528,340218.0002018408,1.64271741184588,534.0551109485981,6.051047730500478,7.069968096504887,8.081525099537995,8.103889123296819,2.6118028906614543,2.668588314915259,372,391,463,444,320,-6.800319034951138,0.6025508061141835,0.020525770109745364,-0.15710903384514432,2.6098676841082122,0,1,1,1,0,1
11,11,413309.60670182673,371895.49856331944,1.585858918614927,659.2552389553557,6.174407723457406,7.094073115925999,8.218336026510146,8.011126372942432,2.6114938241620256,2.662417498495512,365,395,450,466,330,-6.5592688407400095,0.7098512866598237,0.14133439488475888,-0.13592419513620618,2.3445446466832314,0,1,1,1,0,1
11,12,397677.91730339645,356613.6545059642,1.5893573720256773,580.6328366963808,5.9652680964464455,7.337310755832329,8.754911441787538,8.031066588718536,2.6242780721034977,2.632983954590102,377,395,513,449,332,-4.126892441676705,0.6535534382712419,0.05525409795880397,-0.17938030721283874,2.719516086520602,0,1,1,1,0,1
11,13,413277.9416723841,390239.2426935584,1.769613010211743,620.0713496114626,5.8404449994457215,7.22691215068116,8.351008452862143,8.450916304119874,2.6108535686333787,2.635767167896577,365,382,528,490,314,-5.230878493188402,0.5207062264455017,0.09481254563690605,-0.12932274086154005,2.7927427227144017,0,1,1,1,0,1
11,14,387934.06379252137,349407.73462224816,1.614736708297268,558.3273028697602,6.256841792143998,7.330803618066533,8.233196973480474,8.174290012643787,2.6361471629373505,2.638657588148653,361,402,489,469,342,-4.191963819334666,0.8292382221159924,0.05056764853264773,-0.19033334420391984,2.743571228471704,0,1,1,1,0,1
11,15,415230.9930046404,409229.34483791096,1.9399835183327057,679.8884537386239,5.874044663798914,7.188752872929502,8.051100083012793,8.318291929788433,2.6973797915833937,2.6454883954248296,371,398,551,471,320,-5.612471270704984,0.5214838129285907,0.14366071958950158,-0.1266707754559636,2.609634562535868,0,1,1,1,0,1
12,1,405701.6909631313,380468.29632800334,1.7476660536487203,751.5994731648335,5.597848099118622,7.869428466522168,8.225875992133455,8.339178470466054,2.7086270655166,2.6853386550982963,367,392,509,481,326,-3.8057153347783244,0.3728152671884595,0.07031333486026885,-0.20738768514156639,1.7635520167983463,0,1,1,0,0,1
12,2,407000.4554411786,407000.4554411786,2.038076739580333,663.6443610503779,5.9253878219863205,7.56146952648421,8.18010609808196,8.081321455177621,2.610372326154934,2.634687345311903,380,399,561,493,319,-1.8853047351579049,0.6267467477952395,0.11992805362376487,-0.21427077339911224,2.117799194821474,0,1,1,1,0,1
12,3,394724.6548877709,377685.12631834124,1.8296047143057033,580.7501167398747,5.580439922211067,7.305814999630144,8.299405151297693,8.155920276300012,2.6030602261147924,2.63081831255132,361,390,578,430,317,-4.441850003698571,0.26061076778351383,0.05416528710764721,-0.21168239876318795,2.292347317221675,0,1,1,1,0,1
12,4,482237.194006451,456595.3596333223,1.743581656268713,773.5415679581138,5.638116912679792,6.231702822476098,8.40415854564231,8.142896049019749,2.6437592430797383,2.6498351784252234,373,375,519,494,346,-10.182971775239025,0.3471457395456809,0.21712959781824182,-0.19184867576297332,2.858033367107304,0,1,1,1,0,1
12,5,406497.172204635,388281.35506117495,1.8178418285653997,611.2028572041454,5.892147286356635,7.3319594030812265,8.226244593286376,8.10667236807891,2.60066049820574,2.6514723847411044,371,405,568,447,320,-4.1804059691877296,0.6099543595667499,0.08326141688927262,-0.16760208333728518,2.427051718538822,0,1,1,1,0,1
12,6,414680.1880222393,342568.89304236264,1.2788870502012333,523.4624906912292,5.912920780018994,7.41337328812142,8.021293977131693,8.115023335040675,2.628431220037651,2.646122467007867,377,397,537,460,318,-3.366267118785794,0.6701999352611007,0.007655500595473118,-0.20707671690777885,2.033557212682491,0,1,1,1,0,1
12,7,inf,inf,0.0,inf,0.0,0.0,8.569820287793577,8.301650154731277,2.6368326858921725,2.6338875035378613,368,391,552,463,337,-3.9218255962741613,0.3158501490547642,0.0007521717500272307,-0.22827215139578072,2.375648220538344,0,1,1,1,0,1
12,8,406991.0251222299,402204.9513767165,1.9521392625448661,656.6221390985887,5.857789454402259,7.483233880105061,8.022527415019358,8.212282558776032,2.6230566786492138,2.645144504903623,362,406,600,436,320,-2.667661198949392,0.5485574890284546,0.12131716459789021,-0.22828645763580857,2.727127093393708,0,1,1,1,0,1
12,9,410527.05982815457,410527.05982815457,2.1771252961069756,676.8517978681176,5.721042542469551,6.864684752095217,8.193366749112583,8.20061846825965,2.6514396470083486,2.6390133778406404,364,405,598,472,316,-8.853152479047827,0.4493024074577129,0.14318508258814172,-0.22419480854283114,2.6070061112099507,0,1,1,1,0,1
12,10,399274.81448145834,338720.516029229,1.3944570154777063,522.4167024236434,5.896571166663177,7.301884201316318,8.39838201338529,8.213017976496175,2.6128473186969896,2.6504943431015877,369,409,515,420,304,-4.481157986836824,0.6047635051327638,0.017491776618979084,-0.22237213730821545,2.5786206110047596,0,1,1,1,0,1
12,11,389305.6994112181,347552.4940608558,1.5824679464963773,560.320209243188,6.169380768341453,7.115015174437943,8.172897571697414,8.135334920582444,2.650366238779534,2.6315938737604117,360,362,479,459,333,-6.349848255620569,0.7135753258813401,0.0550149776650794,-0.19758767934885074,2.320832359127601,0,1,1,1,0,1
12,12,390831.6096055052,355386.1612098937,1.645545516043885,585.3351851473595,6.158480278815926,7.343507996057266,8.045088558212463,8.208723622118436,2.6353778977522553,2.655745930270914,373,383,490,449,342,-4.064920039427345,0.6674037071342096,0.05935269132161628,-0.22554734839642687,2.7029087719996587,0,1,1,1,0,1
12,13,380821.4525804294,342087.270530659,1.612658179502296,538.8148122441123,6.007294957177395,7.27439486554152,8.105336855279674,8.234641570495834,2.625333788066424,2.656727480217636,366,379,417,508,331,-4.756051344584793,0.5196356926227599,0.021195950157614746,-0.16549574046789456,2.766583503817248,0,1,1,1,0,1
12,14,385095.75397547777,352961.40763694455,1.678656536614668,564.9109365510049,6.033961923695943,7.444819532386722,8.086092452221326,8.37339653606389,2.6099149664101775,2.618330195483978,364,399,529,467,321,-3.051804676132774,0.8245061382305812,0.057962870114099126,-0.21825827318886448,2.6984413342559663,0,1,1,1,0,1
12,15,389917.1613494011,355964.4765315608,1.6604731518215974,583.2990026011913,5.820140851639907,7.258521690627589,8.386042818784727,8.072840077056176,2.6258146377121974,2.643455324951125,368,388,546,418,340,-4.914783093724103,0.5257430185892363,0.05633928041049843,-0.16479038745526417,2.577610902644042,0,1,1,1,0,1
13,1,421624.4819614773,364583.16610817635,1.42958684146699,675.9577977513684,5.727838704995028,7.827944652383113,8.275873206649806,8.125023677670413,2.649419329214921,2.6556533433750107,384,386,496,498,336,-4.22055347616887,0.36872586133172935,0.007424581661899646,-0.18662810355849,1.6860538372704665,0,1,1,0,0,1
13,2,395496.9563286194,354853.26018917887,1.5935630386055948,583.0155848032573,5.890127245480721,7.554400847209886,8.000467219864388,8.113430108107641,2.6080707702784873,2.6360882652254785,373,388,526,421,336,-1.9559915279011453,0.6280658877713827,0.05857133324078538,-0.19783582376880157,2.1222257489026535,0,1,1,1,0,1
13,3,394120.75690831774,348531.32593902387,1.5441056903070614,557.1279693809593,5.560935580874113,7.32636418556419,8.209468519699165,8.065402531863704,2.6042128114676117,2.627487084986308,367,391,513,437,335,-4.236358144358101,0.26846341138395646,0.028114624234619523,-0.20123214868067882,2.286068386607095,0,1,1,1,0,1
13,4,466113.39112554584,376087.29527150316,1.099739041459573,548.7513224760559,5.530237002023975,6.641003091657373,8.565739320670875,8.061124257922092,2.603097647362708,2.6545295026173337,371,369,528,435,353,-11.089969083426269,0.34473801705424306,0.017129597818241804,-0.21843709427064523,2.83624589032872,0,1,1,1,0,1
13,5,435443.34453706816,341655.00857968867,1.0621166404262048,529.4835719839981,5.8481188527915675,7.350224276489001,8.085615478175212,8.054291297756253,2.6012394444583236,2.644928994915199,370,386,525,430,336,-3.997757235109988,0.6099855548734522,0.011438153030930057,-0.21775626812659943,2.414756507570485,0,1,1,1,0,1
13,6,396957.45979738474,382071.4549766411,1.8511399517925635,587.482091060801,5.947490865411757,7.403851740381032,8.137722164606398,8.100362915134253,2.639229040019342,2.641505842839638,373,386,607,431,330,-3.461482596189684,0.6733681681905386,0.06157555418269419,-0.18075917284769305,2.036025763456974,0,1,1,1,0,1
13,7,395337.216531625,342583.5861289411,1.4724636959731605,534.1092311987455,5.6090083733818545,7.2814093849261265,8.188416911920493,8.115778011514623,2.623495831951058,2.622523103410013,355,390,518,442,334,-4.6859061507387265,0.3288855220206311,0.01617555169662855,-0.21383061298639494,2.3342145536704564,0,1,1,1,0,1
13,8,417670.96501408133,384038.141831136,1.663671768170547,595.3387745685473,5.852339830119794,7.577716573054218,8.330158113430995,8.016284142171994,2.6156332804526996,2.637993689594428,368,380,589,438,332,-1.7228342694578174,0.5517602550791462,0.06175303635563724,-0.21413819045882054,2.671651259754486,0,1,1,1,0,1
13,9,397696.09533281374,385027.609615919,1.8733151428310526,592.5705886388906,5.777773318068387,7.316335966865378,8.040942745367277,8.425791519493853,2.6530689530507354,2.6297576133752965,369,411,586,449,337,-4.336640331346226,0.4622247701060769,0.05932365860233073,-0.20870271877717392,2.5649350367203367,0,1,1,1,0,1
13,10,386297.2730842435,357241.0163847721,1.7094374330052855,588.029616057191,5.877589041649389,7.3000392475326805,8.136412927578842,8.202250993358662,2.6057323173690192,2.642846168520459,371,385,522,444,341,-4.499607524673188,0.6048310755923915,0.06113933255713324,-0.22290963715494977,2.5443542525195575,0,1,1,1,0,1
13,11,412585.284141194,410250.119383593,1.9766483524239895,688.0959422346317,5.980399970695383,7.240756327799701,8.04363108793374,8.125068487727194,2.643703248329905,2.6187135350864637,365,370,598,432,331,-5.0924367220029945,0.7128002583432764,0.16007123374700405,-0.23002402513799886,2.2963930934199572,0,1,1,1,0,1
13,12,399352.9827417092,349053.22086585907,1.4970023812414988,561.3157576531041,5.992563006842749,7.313500057071348,8.75003975646507,8.128669186328569,2.614401000139648,2.6718249178202043,354,373,516,427,342,-4.364999429286515,0.6715024206826211,0.049894967668930194,-0.20911945876463106,2.678521740791682,0,1,1,1,0,1
13,13,389548.3681952819,373814.4420169874,1.8426607382170554,656.0062533601624,5.809612285044524,7.233809618372302,8.137699501584223,8.067502103518567,2.617655156991606,2.6683676605832423,365,375,514,457,330,-5.1619038162769755,0.5187437931925104,0.12052506437623521,-0.22597856613331557,2.738679964843937,0,1,1,1,0,1
13,14,468401.9151885872,365260.5991402048,0.9685868395161759,534.5842287769435,6.025106408408975,7.551159984230962,8.29579070621548,8.159361434249279,2.6139487896397258,2.619274894881256,371,388,581,435,317,-1.9884001576903736,0.8133441665561186,0.027212112420421035,-0.19905690802129783,2.6450328060908768,0,1,1,1,0,1
13,15,408196.3036797361,375968.68610228,1.677723824225439,665.9541355596723,5.857338251088474,7.234893008530282,8.483158527493943,8.114874032767093,2.6181231594082663,2.6486370402616615,353,383,556,412,343,-5.151069914697184,0.527877090930201,0.1331900252130447,-0.22559138429105224,2.546949487505721,0,1,1,1,0,1
14,1,419894.6934284831,391001.80310765497,1.7110710967917186,803.969953268574,5.504394027554952,7.802864395035822,8.28223710949534,8.07032570962224,2.607406098027904,2.6617973115145803,378,388,507,451,332,-4.471356049641772,0.36575095084930864,0.10225159066380358,-0.17492948385092003,1.6186760184944207,0,1,1,0,0,1
14,2,401701.4346236495,366435.33441869327,1.6473389979504374,630.5366358437416,5.902293368370128,7.541907119364623,8.042857797190031,8.029794736852999,2.6005969808027882,2.6476547887842496,366,385,558,403,333,-2.0809288063537674,0.6307751508934518,0.10283400887781338,-0.17516418553446594,2.1227239636178457,0,1,1,1,0,1
14,3,397507.5201110178,381323.87372907007,1.8381635361805229,589.6742328364296,5.577860748274803,7.231973480311515,8.399138422826255,8.037684006312263,2.6025105783210334,2.646561622891224,361,392,578,433,329,-5.180265196884858,0.26105270726466845,0.05768459511033078,-0.17802517544842844,2.27597184190469,0,1,1,1,0,1
14,4,393001.5457754674,370134.65099309303,1.7713310521762564,560.4919085557027,5.516635560042023,6.542923144219422,8.396077626877743,8.214377666996132,2.616493727101685,2.6698900932063463,368,374,570,406,343,-12.070768557805774,0.34448014021231677,0.031984909569453455,-0.19955199099501345,2.8084440697472233,0,1,1,1,0,1
14,5,396414.58591056464,380660.0084742139,1.8424542256364926,680.0700272660084,5.892256369163438,7.265807240896454,8.186476564866224,8.003047652181765,2.602336049292024,2.6488569826812562,363,382,569,418,334,-4.8419275910354616,0.6087401815579497,0.14602861495716085,-0.21379446244690356,2.396950309399546,0,1,1,1,0,1
14,6,424284.98902575707,340248.1451042937,1.1596315607853664,517.8585286986184,5.9021877154136835,7.2892982832792885,8.129426131622559,8.003058904625986,2.6147733240567796,2.648398541519929,372,374,574,425,320,-4.607017167207118,0.6830486949867025,0.006084635238979001,-0.17480229024587363,2.0401566245849776,0,1,1,1,0,1
14,7,378974.26577722735,348757.27867988264,1.6978301290265532,560.4924016081758,5.620538932073938,7.296346744037185,8.190981206383253,8.090498142106384,2.6008667831547463,2.6276941777204943,357,390,535,422,327,-4.536532559628148,0.35012135205976136,0.04121249421072814,-0.17097478511760425,2.296874989671415,0,1,1,1,0,1
14,8,393239.89567230386,357879.3085628805,1.6463941289057662,590.9053978064928,5.875653172434742,7.543686209193234,8.132481662080716,8.300202196304406,2.6352521702516425,2.6407529537139647,369,397,532,436,324,-2.063137908067654,0.5535450891058091,0.06546952592785399,-0.17124872523224594,2.620849826066949,0,1,1,1,0,1
14,9,388061.5154790779,351209.3005062743,1.6314778502719638,568.6935617894459,5.761547593171235,7.691960638884007,8.036047042178359,8.173616531287763,2.6184401068335044,2.632871564258227,374,393,517,421,343,-0.580393611159935,0.4780113995547519,0.03694045290981636,-0.17206279531469143,2.518609326600966,0,1,1,1,0,1
14,10,461342.745940065,338596.43440756085,0.7725368846749588,520.0066975554166,6.062361181472102,7.1368432554015335,8.371933634029007,8.021191015882398,2.6001409592934386,2.648592013768359,373,379,477,453,329,-6.131567445984672,0.6033185495838943,0.0066114468522620665,-0.17740382531828844,2.514713931832056,0,1,1,1,0,1
14,11,384802.2825524096,344758.32995053515,1.599560473981255,547.9055106735279,6.147629002280918,7.2843494696600555,8.160513079070316,8.036590175244736,2.6116770598408845,2.628636166526456,368,391,478,445,330,-4.656505303399449,0.7097763252912281,0.03992876625299596,-0.1976230603111977,2.2762516793087113,0,1,1,1,0,1
14,12,377703.079138564,345072.734776356,1.67369655637792,550.5056911814254,6.1170979933228695,7.295260096778652,8.04996024353493,8.007639360885205,2.608529369886247,2.6704395224549353,354,384,500,434,335,-4.547399032213487,0.6640129710465134,0.03924383568098114,-0.17135120178463306,2.6534853706781933,0,1,1,1,0,1
14,13,392744.84481220884,349721.0343913454,1.5697618957913657,569.3365705077989,6.033657842255749,7.18176963600456,8.28837056069926,8.387441800832475,2.601969478016247,2.6642272742167834,364,378,472,460,318,-5.6823036399543945,0.5190131877362423,0.054300109452120174,-0.22072770900370436,2.715043494436967,0,1,1,1,0,1
14,14,389915.3965115632,349395.86911659915,1.5948047260503595,563.5201202062784,6.230510609230274,7.520613590174399,8.065722099049772,8.011959206008012,2.6212100388252826,2.634358817291165,370,393,489,446,334,-2.293864098256001,0.8106497669955839,0.05101852215383894,-0.1731377968045357,2.596333670517133,0,1,1,1,0,1
14,15,374108.5213464069,356863.93442495633,1.8275541307854946,584.742918246448,5.830326408300063,7.175108286631209,8.184783158541926,8.165192202075932,2.662554130734964,2.6547485152674852,352,392,547,451,327,-5.748917133687902,0.5260441062620385,0.0668099747869553,-0.21908347841763523,2.5232721578274737,0,1,1,1,0,1
15,1,381513.8728736169,349735.0930402208,1.6822122016660384,562.6179640648388,5.51711022489236,7.820284038630495,8.24305073857273,8.246451781195864,2.6184875735427835,2.6881359849787705,365,392,502,453,327,-4.29715961369504,0.3670125753528373,0.04154087385959372,-0.1855791941612634,1.5716343809805344,0,1,1,1,0,1
15,2,399402.2018317123,380877.99735362345,1.8147579552191115,588.845013140704,5.902188171892311,7.541067177993732,8.140706198996854,8.005164420983945,2.60319341166524,2.657139333708348,369,394,543,459,323,-2.089328220062681,0.6313097533506657,0.06383381845874872,-0.17914543563781898,2.1203743514678894,0,1,1,1,0,1
15,3,380940.6906589968,352094.5392803684,1.7115384862137164,570.2951550942747,5.568406469203881,7.173860308786674,8.337265259050934,8.113104796585873,2.600473525065244,2.666151791534962,356,391,543,430,320,-5.76139691213326,0.25156775762529243,0.048049904123719046,-0.17763949365072476,2.265188764644808,0,1,1,1,0,1
15,4,408046.4251119497,403685.52335110796,1.9563909823915828,593.3713328062071,5.544553288718541,6.732016920516902,8.035226642869901,8.139378380224516,2.6157554314859635,2.6706357118703545,368,396,562,467,320,-10.179830794830982,0.3557826390789908,0.061625631866852146,-0.1729415364822891,2.763093517152937,0,1,1,1,0,1
15,5,374133.87083498493,350876.05232432083,1.767421814893359,562.4252561482359,5.860567176078255,7.2139136280535485,8.218536519212666,8.032065967703693,2.602723328748341,2.6569913304090353,362,396,544,434,324,-5.360863719464507,0.6080481423709267,0.04711467646655276,-0.17737187227570825,2.378788558924795,0,1,1,1,0,1
15,6,403019.62164258666,389853.8117591982,1.8683419011661155,618.7710303100313,5.936154381186483,7.242893750517158,8.053386327737508,8.133188240051876,2.610459864981543,2.6578665720353523,374,385,566,447,318,-5.071062494828411,0.6860405449184027,0.09467815265456275,-0.19124787642110644,2.04463864155578,0,1,1,1,0,1
15,7,382430.9260196807,352812.4917976652,1.703815657779845,568.6550544544104,5.688445289244543,7.371396381869735,8.341672890114614,8.18593149703265,2.618765777508994,2.6419146502949404,368,390,562,424,325,-3.786036181302651,0.37624225206415274,0.042920694841340076,-0.16632362093569167,2.2637833960884315,0,1,1,1,0,1
15,8,376512.16625362175,344377.85184011504,1.678656855864933,539.97419747915,5.878664498228048,7.5210476792804695,8.397819276718947,8.224305482113536,2.6257126975870473,2.6469075530984103,371,402,512,436,326,-2.2895232071953067,0.5578576218742204,0.02313149991063245,-0.16620266611629947,2.566343216846994,0,1,1,1,0,1
15,9,415844.3527331165,367628.76423853094,1.5178441150541444,640.4322418255489,5.804381259394473,7.581932687063322,8.124364961303753,8.141316296976353,2.6172808247969686,2.6431235338438115,376,377,511,418,331,1.68067312936678,0.49516722641185323,0.09363649394616716,-0.1702878752118182,2.471020085997551,0,1,1,1,0,1
15,10,399134.43185696675,364583.7549159713,1.6544932305900457,620.4924549215012,5.872699468156629,7.062530294482832,8.157427746696452,8.242472932123107,2.608823781351387,2.659144476581587,373,398,527,434,311,-6.87469705517168,0.6024572785335641,0.09982370539410901,-0.1619272114298666,2.494141521979711,0,1,1,1,0,1
15,11,408681.622398749,383674.14200288674,1.7499251960413773,698.0961567334102,6.203389062725422,7.382533913285661,8.156806003913285,8.016289897078135,2.6174784202905514,2.6457226834091077,373,405,494,446,329,-3.674660867143385,0.7044306777835242,0.16565229361173422,-0.16416632991308872,2.255962148366572,0,1,1,1,0,1
15,12,385514.1932398074,344710.0358479916,1.5919584260818418,539.1516612881666,5.980279286328614,7.307815558223851,8.74342333973774,8.210471148728304,2.6220722948113964,2.657930749597112,366,388,502,447,339,-4.42184441776149,0.6571133952387478,0.027190668940775,-0.17031794234230918,2.6329186386540595,0,1,1,1,0,1
15,13,401005.6935740862,367195.086351217,1.6618939277713085,634.4028818351509,6.026443271652706,7.186070548273541,8.166554489704904,8.223694224281177,2.6039918854585884,2.652332998560557,365,380,456,495,326,-5.639294517264594,0.5197824930543319,0.10732264523743527,-0.17664731944812878,2.6990428138424933,0,1,1,1,0,1
15,14,409552.0265390785,374000.9407841637,1.6444891424508519,560.0513629561116,6.06461076573586,7.432023929617696,8.353012804925182,8.338970671311957,2.609753283358041,2.6473451977343623,365,399,567,465,327,-3.1797607038230487,0.8170131456103911,0.05010614308057,-0.1779779166599479,2.56050929863084,0,1,1,1,0,1
15,15,418657.695922644,411732.0202331407,1.930743243104967,696.3696606941417,5.852242312840087,7.228934539201832,8.13299345957699,8.071070682316185,2.6512335607140844,2.6564145516792537,364,396,539,464,319,-5.210654607981684,0.5289317381533719,0.16026112299868925,-0.17466049400337347,2.4913641920260337,0,1,1,1,0,1
16,1,410203.2094658496,401060.2715337778,1.9085706206792818,661.0414748984991,5.530580196456279,7.890934438193115,8.050553195195416,8.152945824123533,2.6147305740455855,2.6876553874716884,360,393,563,439,327,-3.590655618068855,0.3784712558133698,0.12598370194722,-0.19858440628960225,1.5585956207450167,0,1,1,1,0,1
16,2,388751.23741235945,366812.98283172783,1.7806174541936841,619.2220174007587,5.9088744181079536,7.549423664648838,8.046635128424029,8.091416742228015,2.604750515099191,2.657624218109661,375,393,539,455,331,-2.005763353511625,0.629700967547766,0.08590820382708413,-0.1963366955364656,2.116493384299264,0,1,1,1,0,1
16,3,432492.5246718714,344701.49748056586,1.1220897280869446,542.9881443600752,5.541715221606429,7.229176592429818,8.038091203271547,8.092610558002814,2.600168582204725,2.671683815453612,363,390,522,435,325,-5.208234075701816,0.2601532508103202,0.01727927214401472,-0.19368286075053084,2.251859555713935,0,1,1,1,0,1
16,4,inf,inf,0.0,inf,0.0,0.0,8.835226642869902,8.020906882558318,2.605844592245836,2.6605579212260215,370,386,543,420,341,-8.617249226448122,0.362045636401329,0.0006913626117303617,-0.1773308619778402,2.7143784387737417,0,1,1,1,0,1
16,5,399336.2084964714,383927.9033434043,1.845916948469329,693.0035999473727,5.898088260947031,7.263315077772116,8.09953607520589,8.066302398606334,2.6025374098333143,2.6589780383592094,368,400,528,448,324,-4.8668492222788355,0.6084318126269949,0.15941142475621417,-0.16855218671653677,2.3560894601009523,0,1,1,1,0,1
16,6,374698.93721458,374698.93721458,2.006063076695679,560.0605076059097,5.92912162024523,7.301583165932046,8.10923816920219,8.080215581136807,2.6242243526167353,2.661608191902547,376,390,599,445,326,-4.4841683406795445,0.6808742517874966,0.0361847406462823,-0.2008748947041621,2.0484849405714542,0,1,1,1,0,1
16,7,389491.9073280521,346797.4177216269,1.5730551039357474,550.7006781595552,5.641045135681265,7.3957087619271835,8.023081585104997,8.055782212929811,2.6146479666939744,2.6511613339412725,368,390,516,437,331,-3.5429123807281653,0.3754342345249118,0.023784829561259258,-0.19477928721120627,2.2401738655660415,0,1,1,1,0,1
16,8,inf,inf,0.0,inf,0.0,0.0,8.269336072294045,8.021783011297625,2.602453343119016,2.652433122284339,373,393,548,437,331,-2.3781269556221485,0.5637658611893772,0.0006155427031067189,-0.19448734730617695,2.511260509592693,0,1,1,1,0,1
16,9,385628.8235429097,377468.47648970084,1.9183965294679113,574.7011647508614,5.79616323857535,7.740120657792243,8.012346808106596,8.27344832714619,2.6319376770157827,2.6502195715725376,373,395,567,438,334,0.09879342207756969,0.49334906045529414,0.027185279876705173,-0.19534684324939094,2.4319062678085763,0,1,1,1,0,1
16,10,388847.38057843986,346473.451762654,1.5762607118421414,552.0521789230504,6.091419247977112,7.14234024065788,8.339589135715604,8.1190912317684,2.6109877652525886,2.664670069288366,371,397,496,433,330,-6.076597593421206,0.6030525503885839,0.03545583586155793,-0.1886456169572197,2.48396284939966,0,1,1,1,0,1
16,11,364536.4412125942,348719.01844038354,1.8418257722778935,550.3047800070921,5.9497637477340515,7.397504994973339,8.077428373926189,8.09384122387487,2.625480573633237,2.654236423987833,371,386,558,437,330,-3.5249500502666185,0.703670650013158,0.034347706388265786,-0.17574493312288997,2.239559498457304,0,1,1,1,0,1
16,12,381847.3516734077,351170.006448646,1.693226547752383,568.36737401657,5.90912356890852,7.3264001468515225,8.056576660262259,8.145329075057587,2.615808822802958,2.647582806750721,369,379,511,438,341,-4.235998531484779,0.6586429765451004,0.04656678951926563,-0.1964128518772173,2.619525736259906,0,1,1,1,0,1
16,13,377080.51069826575,359089.4391408957,1.820089284426299,592.7636730158272,5.776878541252444,7.224491035931528,8.14125642780676,8.024703910917523,2.611206999970258,2.644469535769775,365,377,505,482,330,-5.255089640684716,0.5200079215097138,0.06502953667856494,-0.16569555865797436,2.6915342140677354,0,1,1,1,0,1
16,14,399406.0330401123,345063.3816952676,1.4565734865515532,537.2619550475075,6.0179248591760315,7.412365136147358,8.089122839708264,8.267854723869121,2.6036096548656897,2.6485363026660735,364,394,535,452,319,-3.3763486385264283,0.8223237021459233,0.03430158765823535,-0.19772740961324067,2.540743230338542,0,1,1,1,0,1
16,15,372570.2854330114,352434.9020173856,1.7986461658437414,564.1256243550627,5.813063147015974,7.295720137477934,8.368650444543851,8.021799739948527,2.6119502413829023,2.6536439198746353,367,389,555,433,335,-4.542798625220662,0.5317688177054962,0.03973887700131076,-0.1644749827986464,2.459970467753227,0,1,1,1,0,1
17,1,388576.2946930499,353226.6895240902,1.6465039483104027,579.8541368756117,5.7224539620112935,7.911471167250673,8.204673435777512,8.015701226740832,2.6042582702169472,2.668783479801151,368,390,491,441,330,-3.3852883274932717,0.3837546519234234,0.05425969502207881,-0.19544517732734015,1.5719233494505906,0,1,1,1,0,1
17,2,384213.55559863284,354402.1440546306,1.7018858845599774,577.0762037112355,5.891545888444599,7.5538829649945995,8.040052911662686,8.079819028635685,2.603222595259662,2.651423751615559,374,388,555,417,333,-1.961170350054011,0.6284609715180104,0.05156472500885022,-0.19925446063065735,2.1123037806582263,0,1,1,1,0,1
17,3,392532.1155940723,381341.0772247743,1.8880896163070195,589.4488275924124,5.585007146599449,7.295482397811524,8.27829997267534,8.036757111882071,2.6013741301819544,2.662975976198518,368,391,573,436,328,-4.545176021884756,0.2714130319619402,0.0530253524971117,-0.19927656860828963,2.2393696551647992,0,1,1,1,0,1
17,4,389601.4077282794,376121.17862689175,1.8651977089861234,663.0794987591684,5.571220245768365,6.8282997451455,8.047111958093712,8.055723773375856,2.6008013949836344,2.650917778883822,371,374,572,409,345,-9.217002548544988,0.3575043434565556,0.1222675078196242,-0.19741470645730533,2.672889516863636,0,1,1,1,0,1
17,5,364400.28430741443,352290.0511742056,1.8788976686679115,563.2354728028014,5.866497558898162,7.322527004446256,8.155412717977994,8.051099578582697,2.6021319462873613,2.65508153366654,369,389,566,433,331,-4.274729955537436,0.6091227136919418,0.04058857524378584,-0.19112133054082908,2.3346786961802986,0,1,1,1,0,1
17,6,388575.87283900764,365148.8263514347,1.7657295351242703,616.0142589337285,5.939182556651694,7.361255607777375,8.125707861215211,8.018781453390027,2.616509035826277,2.658365922965669,374,381,563,430,323,-3.8874439222262445,0.6759996961809135,0.0894801565899343,-0.19255755391888638,2.051129743540737,0,1,1,1,0,1
17,7,381898.59171625884,352281.7248831488,1.7038313316688996,564.4413853795804,5.670115451702772,7.354437304311665,8.559453049906223,8.030446727900124,2.6008573670582877,2.6495732412943966,361,390,554,432,329,-3.955626956883358,0.3567147667541216,0.04062493817809365,-0.20747765246690733,2.2278453224418993,0,1,1,1,0,1
17,8,402804.0823500651,362422.3264223585,1.5961824407229337,611.6845976755301,5.883731081936708,7.523929495791604,8.168159309598101,8.3151446217115,2.607679102773496,2.6531243413811163,372,392,517,437,327,-2.2607050420839547,0.5639266301180552,0.08262681337372678,-0.2074054003942653,2.4666082490879413,0,1,1,1,0,1
17,9,407700.0480952137,402792.0530919655,1.950920049967518,657.381066833371,5.807437087225132,7.594904754183938,8.008800607803268,8.120093386628971,2.621249558664882,2.654786633899108,370,402,574,452,331,-1.5509524581606164,0.4975638228974948,0.11278330986063305,-0.20519766884728693,2.392574605941872,0,1,1,1,0,1
17,10,397889.95250567014,366087.7363396109,1.6819778383394073,628.7589525826247,6.097907783089108,7.231333170904643,8.150851004752916,8.054221597898437,2.606473751336911,2.6622828052662504,371,384,499,447,331,-5.186668290953576,0.6039757879777294,0.09971648351610704,-0.2083453152660492,2.4830617431975193,0,1,1,1,0,1
17,11,419367.6378058429,414214.69528106414,1.9484705747522122,703.0938519140809,5.985283547937092,7.446644157542021,8.016409373753492,8.095569440844939,2.6146631687658326,2.657834139911867,370,378,584,431,330,-3.0335584245797915,0.7001556356417686,0.1667716051149491,-0.20273153530148041,2.2232452384202466,0,1,1,1,0,1
17,12,382363.19042626524,339834.0407959593,1.5747085036969406,524.3051372808129,6.164794423844814,7.326221076965579,8.734437338505726,8.006376037213101,2.6018020183734927,2.6469763094712535,361,379,498,432,337,-4.237789230344204,0.664295829713713,0.0181996571097265,-0.20579530506313756,2.6137886424446224,0,1,1,1,0,1
17,13,459990.8305795568,409845.57296891644,1.4985474238935963,683.6788701981818,5.827575519533669,7.334400611275472,8.05658120052752,8.220429117040702,2.609850131232563,2.6413731330617134,370,390,599,428,332,-4.1559938872452875,0.5245795433712296,0.14126472675615892,-0.19053367533498577,2.664716254338169,0,1,1,1,0,1
17,14,387788.0059498776,350112.2394045587,1.623242334546811,559.5875318117737,6.03895923525135,7.465270494444358,8.377667377700094,8.028332199456845,2.6136245273788092,2.6405235273321597,368,391,520,443,329,-2.847295055556431,0.8207272336797975,0.049836290991505675,-0.20089287393804686,2.5361055822815577,0,1,1,1,0,1
17,15,412442.23932488717,389270.952192324,1.768287128674368,715.3089076268491,5.865255654206562,7.407224186718517,8.24750118187304,8.012282003741001,2.622476839464804,2.649631940521283,372,385,552,416,340,-3.427758132814821,0.5376949380164857,0.16569037692008418,-0.19150406705597436,2.4250040944727957,0,1,1,1,0,1
18,1,392967.44197227794,380464.7558158461,1.8749731384356816,674.210562820004,5.516965130663594,7.871530016211356,8.237989463165194,8.060670784550075,2.6006804078198176,2.652044925011261,374,390,538,451,328,-3.784699837886446,0.3785768556771423,0.1306084941398387,-0.18529982673215045,1.6010863109955127,0,1,1,1,0,1
18,2,395475.72608666174,362887.3552578985,1.6741162917123678,611.8637104250936,5.9006081676531466,7.550099301383913,8.110234662319051,8.017711372677299,2.601028359630645,2.645474258550568,369,390,538,431,326,-1.9990069861608724,0.6289198129148565,0.08562395067094704,-0.18818879162206448,2.108722146420363,0,1,1,1,0,1
18,3,379449.0897229762,350946.82661667716,1.7149773689370094,566.5483328309996,5.581647973407,7.287478742148945,8.329631501367766,8.042766603703848,2.602458867762559,2.6512248583111306,364,392,524,432,323,-4.625212578510551,0.2714626815616338,0.040873561158339865,-0.18990239266956477,2.2299237951226205,0,1,1,1,0,1
18,4,430076.33172191406,395002.49780585256,1.6492616608393849,633.4977392076263,5.639920640684466,6.970904357194852,8.480806656627454,8.06855913947547,2.606344612990292,2.6434285267572943,372,384,553,458,329,-7.790956428051475,0.36528391541396354,0.0942421188155916,-0.2009797836841131,2.622975452346724,0,1,1,1,0,1
18,5,398845.47620262456,388752.9838503176,1.8990750764769302,709.7589883655875,5.910444048086472,7.421856969908021,8.113917183213598,8.03389761504003,2.601805902048207,2.6495793457572563,372,383,561,427,334,-3.2814303009198005,0.6104311649317581,0.16551996537817004,-0.20495731579480336,2.3113379843269577,0,1,1,1,0,1
18,6,392727.9174179045,376303.5025168017,1.8357558509889722,572.3867561874123,5.91944775500718,7.347817696295641,8.075772256338887,8.121431794716798,2.601297855488984,2.652813240650712,373,380,584,436,319,-4.021823037043593,0.676992840396596,0.052355622727496554,-0.1830586667731889,2.0524133171002945,0,1,1,1,0,1
18,7,378745.64400141384,348958.2347587659,1.702125907573521,559.6301294350415,5.623122978893088,7.3182986529800775,8.04888105977932,8.13497138991781,2.6125654665969966,2.641663684202099,359,390,540,424,326,-4.317013470199233,0.34720642496131926,0.0381479809863469,-0.1917724321819026,2.2258382592158172,0,1,1,1,0,1
18,8,408866.09279391647,341741.07079652516,1.328749780026087,526.7387085579068,5.861607727087877,7.535571607872885,8.32468573702714,8.186668726347538,2.615813903835119,2.649881845938921,370,398,530,436,326,-2.1442839212711395,0.5598773810189764,0.011293007777096006,-0.191892769505526,2.4380395472287693,0,1,1,1,0,1
18,9,382079.4483339737,355401.228808846,1.7332178047487226,583.2737283112067,5.776150728693919,7.629207928236564,8.089231516877806,8.004711784177129,2.603265210249309,2.6539516058592825,371,388,526,433,331,-1.2079207176343507,0.501104729796637,0.052469399276532894,-0.19092522757798572,2.3608262393957204,0,1,1,1,0,1
18,10,388202.209748583,353031.3097811248,1.6482910003254185,573.9963439776467,5.885505666314221,7.216694302176617,8.321276384970725,8.18919111938454,2.6016965797006333,2.656254935504187,372,388,517,444,317,-5.333056978233842,0.6040559415629672,0.05554584988932598,-0.19617945607710563,2.4888321638213484,0,1,1,1,0,1
18,11,376670.4401281657,346302.40854723635,1.6963196841907062,548.8630948922821,5.934548295656146,7.458929287278291,8.112132584458845,8.041541459248737,2.6012436711893607,2.655129672151747,371,393,508,439,330,-2.9107071272170906,0.6987960364854914,0.033228394885050916,-0.2035815783409347,2.2102015543256384,0,1,1,1,0,1
18,12,389469.2325041661,352218.5614849626,1.6274932898079648,574.5814127728025,5.921340291513466,7.313128906538424,8.065562661494273,8.221944511901322,2.6039365947433013,2.6536711212990225,357,385,507,440,338,-4.368710934615759,0.66626722762211,0.060167024947757844,-0.190642282973824,2.6145389912987413,0,1,1,1,0,1
18,13,388625.15470863384,351960.2818454839,1.633351271368501,575.5160704719202,6.012948720472827,7.35842449731393,8.130017755010433,8.075763630135736,2.6038189104610803,2.6440759858281204,370,388,479,453,328,-3.9157550268606953,0.5268819794604229,0.051234646591367616,-0.2064420331827044,2.62965632257817,0,1,1,1,0,1
18,14,408444.8187097004,373473.5837050959,1.650287649953955,560.5771843138947,6.00770987508867,7.503541316624329,8.12172944796303,8.042363132018181,2.6115084520500917,2.6324399344536724,369,396,561,455,328,-2.464586833756711,0.8161506984177018,0.04625778157371212,-0.18811863675471885,2.542969965093473,0,1,1,1,0,1
18,15,369805.8858759674,350793.2090960889,1.8098732322012152,558.8726880755302,5.81969836366728,7.4121311733166095,8.16227412056159,8.045351081908137,2.62935963940824,2.6479414138110067,371,392,544,443,326,-3.3786882668339,0.5388981469237144,0.034309623079915835,-0.20760308717291376,2.3944140839783743,0,1,1,1,0,1
19,1,386873.87495464564,359428.71483175573,1.725548398771101,595.8976454122654,5.489908230747364,7.838650616771771,8.108178780074164,8.16345398969202,2.6100259787467692,2.650110507829029,369,392,530,446,327,-4.113493832282298,0.37209202729962804,0.0675218080228848,-0.18413071731566164,1.6355981385677805,0,1,1,1,0,1
19,2,387021.5940690672,374143.5548421578,1.871219607730906,565.9066088080368,5.881181678785284,7.545224918896421,8.068652998021577,8.016559817180362,2.600512078365729,2.644431587495523,370,393,548,453,329,-2.0477508110357783,0.6300347374102193,0.04270844659686644,-0.18247439365964452,2.1062705297409363,0,1,1,1,0,1
19,3,412127.25258108805,344798.3074125879,1.3267105483149988,542.421757031038,5.566319004545954,7.348743171581194,8.117057481771658,8.049381042951422,2.6029466620761332,2.6421079527684923,366,391,522,435,327,-4.012568284188058,0.28592114776463035,0.016956555986663416,-0.18303042652984874,2.2188359469572063,0,1,1,1,0,1
19,4,369281.9990453269,352533.0142025564,1.8325101515722948,567.6374798392955,5.607803130816936,7.078952071266306,8.148600220605967,8.046103074346567,2.6056986345829336,2.643400481641411,371,389,556,423,336,-6.710479287336935,0.37264942724986216,0.03555317985906231,-0.18810410547859055,2.576980930173075,0,1,1,1,0,1
19,5,369924.60368787247,349478.1071894745,1.7955350350160202,555.484893160789,5.864548936626834,7.426425592488124,8.10211328547516,8.041972088710754,2.6018540867711484,2.6473286153477122,371,392,541,439,327,-3.2357440751187636,0.6106516822878596,0.03448003462182997,-0.1937501619309352,2.2912369806839936,0,1,1,1,0,1
19,6,394665.68496963684,384067.0557515807,1.8940137078194386,595.6079953318441,5.921828848049541,7.2998215545931835,8.097107947661295,8.067455074211843,2.6042948967768043,2.6500588587541865,374,387,583,445,324,-4.501784454068161,0.6809394937267336,0.07060025281964581,-0.185728754020753,2.0524915756949196,0,1,1,1,0,1
19,7,376957.9315330452,346858.35351016745,1.6990042197712227,545.8458725480365,5.66637103631741,7.351967242166623,8.496771694903053,8.111317461714359,2.613400860909224,2.6399053288998036,366,391,538,432,329,-3.9803275783337746,0.3519238002057183,0.024275569618232618,-0.17793373971780663,2.2201087921372995,0,1,1,1,0,1
19,8,403551.4646024975,374094.20165820397,1.7054273705570644,652.8930655284084,5.875502988283905,7.532745559511021,8.292493617029598,8.037860229617674,2.6146004017478828,2.646464239225193,371,397,536,436,329,-2.1725444048897864,0.5575857236858872,0.11420985678530071,-0.17770251792942784,2.4263482538633485,0,1,1,1,0,1
19,9,410790.4188882944,379635.37364358694,1.6884495475529249,684.0866209792039,5.823688625277154,7.632477553160191,8.128703651841189,8.032693690478617,2.610160923053866,2.651144282378143,373,381,521,425,330,-1.17522446839809,0.5087584920802067,0.1388140987632454,-0.17923793726744355,2.329281372286643,0,1,1,1,0,1
19,10,398453.32922893285,358558.5991011289,1.6010526987219604,602.7083469644926,6.075165724652097,7.147617446557582,8.134194984155215,8.08801718149214,2.6014038163273776,2.65247210884967,372,396,493,435,325,-6.023825534424185,0.6034528102128482,0.08070627918786903,-0.1783526246358427,2.4981377218131073,0,1,1,1,0,1
19,11,421969.1132173939,417078.1946112724,1.9510908139387848,707.6584789151698,5.974863718077249,7.430223252303039,8.091846885309353,8.032267694148867,2.600882728595896,2.6501643157256325,372,395,584,441,330,-3.1977674769696165,0.7005248729945903,0.1686100915747256,-0.1849730297817626,2.2020127166659202,0,1,1,1,0,1
19,12,417749.38751205034,343174.2066908755,1.2542481917882522,534.3107976452532,5.969113934357992,7.307188995822461,8.722233116572692,8.147925872639952,2.6099337020978006,2.6601530184181374,362,383,505,442,340,-4.428110041775391,0.6633711458225424,0.024724381114953495,-0.17904628166416597,2.619682970747989,0,1,1,1,0,1
19,13,420826.12630814355,420826.12630814355,2.0106412159687324,724.0392574944829,5.829076147359397,7.292617431717952,8.140959090822891,8.082836240336489,2.6004098149694252,2.6486889617848988,367,380,531,483,329,-4.573825682820477,0.5249209090547335,0.17802608113336305,-0.19433428148232987,2.5957226286523727,0,1,1,1,0,1
19,14,413009.5017179324,346537.38803310256,1.3352788631517014,543.4706144304388,6.020900997150111,7.484237435306056,8.373465959031835,8.212123103301199,2.6029687044062677,2.6307349832814357,367,397,521,458,322,-2.657625646939438,0.8148053461704805,0.03875628972622478,-0.1816638887535564,2.556535676656774,0,1,1,1,0,1
19,15,396349.5931308898,389312.18125207676,1.9296258812118696,709.394148643445,5.852207149456253,7.450475735698763,8.015393570126623,8.068125866729096,2.6150379162033666,2.647470480920533,370,395,540,456,321,-2.995242643012366,0.5433934317937112,0.16677924292678944,-0.19456758342500732,2.362436835024327,0,1,1,1,0,1
20,1,407015.8400255754,372141.53935108555,1.6512569932551013,654.3796521049524,5.520495439678295,7.851377257947933,8.170290791454487,8.147316333642452,2.613323165716848,2.660077269240366,364,391,507,441,329,-3.9862274205206742,0.372226649168763,0.12134610200655817,-0.19084451277541514,1.667066355718039,0,1,1,1,0,1
20,2,391408.31863304006,367402.1303302127,1.7599381169717265,625.435402604009,5.902903127417078,7.545615309691984,8.046892209807957,8.059863299511166,2.6016749148211664,2.6476528420484833,372,391,547,437,332,-2.043846903080159,0.6303135493670493,0.09377215287155001,-0.188324131885014,2.10509211148004,0,1,1,1,0,1
20,3,374970.2780593519,357078.89693289547,1.8210861887354355,582.1098104730186,5.595808475967819,7.382727936003828,8.22102826708385,8.046161644987533,2.6025398860719116,2.6420849181000796,369,391,559,437,328,-3.6727206399617187,0.29366727262107034,0.04800495729411713,-0.1873119994220634,2.2087794748476632,0,1,1,1,0,1
20,4,426809.79300254525,344546.83116340585,1.1773703816086059,538.0609949960732,5.671617987378663,7.274912731288129,8.515141142188817,8.029200979313636,2.60270256008169,2.6463109727712615,371,395,542,413,333,-4.750872687118708,0.3881538107562983,0.014552416327625495,-0.18121881674912166,2.527462936172407,0,1,1,1,0,1
20,5,421046.01117634564,418727.4950789703,1.9768148390262468,717.8094906574667,5.9134414589064725,7.359011139840474,8.138928743203248,8.055218628745735,2.602117141959164,2.649143725249201,369,394,569,440,329,-3.909888601595259,0.6098544386891074,0.17555333784884025,-0.18034606040717283,2.2773572558875537,0,1,1,1,0,1
20,6,388332.6020496517,374681.2521134126,1.8634865006376091,567.0444358260875,5.913763812238933,7.28699273734097,8.118021060398409,8.012456526900142,2.6103359586286983,2.651453619654956,375,386,570,438,324,-4.6300726265903,0.682368199548422,0.045880638808786955,-0.1932640000756122,2.0517107218447794,0,1,1,1,0,1
20,7,374003.41521288105,349092.47740936873,1.750890621964877,548.5038889618702,5.660711238652075,7.425869236818256,8.400713873839623,8.023394415010117,2.606039417236363,2.6433115551666564,374,391,548,443,332,-3.2413076318174365,0.36640919021274604,0.019080938232459013,-0.18416112414723274,2.2119857146649924,0,1,1,1,0,1
20,8,392792.5670183484,352509.2475410028,1.5971668052265446,571.6357923708417,5.865854509699811,7.523286846870661,8.204111947327496,8.291198517781712,2.6080290148060987,2.6456417950631783,372,393,520,437,328,-2.2671315312933826,0.5591869337872079,0.04853474033389715,-0.18385255521774116,2.4287706003190754,0,1,1,1,0,1
20,9,400367.09501294035,381633.73410019453,1.8126663908725418,591.9975392798966,5.790988520013558,7.609980062909294,8.046423937827026,8.058846403121745,2.6119831073045736,2.649188784663553,372,393,561,440,330,-1.4001993709070693,0.5103987590622019,0.05824401265127582,-0.1853504088343973,2.3040832270277947,0,1,1,1,0,1
20,10,388650.7586613442,352826.00533126487,1.6417524666992067,572.6859906802941,5.855478610998436,7.12586315678665,8.319419405060513,8.021562324791187,2.6045362495698314,2.653268982076432,371,391,511,440,330,-6.241368432133502,0.6030721252315446,0.05169144804158733,-0.1809531818158781,2.508087650621282,0,1,1,1,0,1
20,11,364611.64287618385,346814.60764273343,1.8220296476654956,546.1402768073865,5.929968173225687,7.40832490737982,8.03819140965559,8.068703113985427,2.609991197760711,2.6475648752300804,372,384,543,434,330,-3.4167509262017983,0.7024069724661167,0.03138990842527442,-0.17820305528255728,2.19883285931337,0,1,1,1,0,1
20,12,390316.7140892216,354643.3851661551,1.6432667107693348,585.7731920433426,5.906970027684126,7.313601710070644,8.077766883427309,8.014019803199059,2.6102509219637575,2.6613313576457815,366,380,502,436,338,-4.363982899293551,0.6604326296514164,0.0635375364353124,-0.18580545257623865,2.6268907692054952,0,1,1,1,0,1
20,13,368232.7973392196,368232.7973392196,2.0106774666920137,545.5365694943815,5.767570197579258,7.245314021682663,8.082352603323171,8.125554313870705,2.602167836862348,2.650970705070845,366,384,551,457,331,-5.046859783173374,0.5222538461594115,0.021973918866636966,-0.17918067038943328,2.5692514100169235,0,1,1,1,0,1
20,14,377365.2291296669,350128.2383694809,1.7276300923981398,556.5418317936155,6.024270870480911,7.448504877191231,8.141788964112617,8.227639184999697,2.601721917219886,2.634850888200092,366,393,542,448,326,-3.01495122808768,0.8172849143323523,0.04833151843299664,-0.1884639515747094,2.572124202248582,0,1,1,1,0,1
20,15,366686.617270515,350718.1383533487,1.8403152108283372,558.9118324614915,5.812804037846661,7.464804876473922,8.171720057117815,8.048376790690883,2.6001306864074087,2.648227757748735,371,390,551,433,334,-2.8519512352607794,0.5449703405190178,0.033220757073210566,-0.17897264930658519,2.335777832634883,0,1,1,1,0,1
